top_category_name,middle_category_name,bottom_category_name,image_src,brand,name,volume,price,discount_rate,rating,review_count,delivery_info,color_image_src,color_name,bedge
뷰티,향수,오 드 뚜왈렛,https://image.sivillage.com/upload/C00001/goods/org/871/210504001214871.jpg?RS=450&SP=1,DIPTYQUE,오 드 뚜왈렛 오 데 썽 100ml,100ml,"228,950",5%,4.9,2084,N/A,,,N/A
뷰티,향수,오 드 뚜왈렛,https://image.sivillage.com/upload/C00001/goods/org/368/230907006189368.jpg?RS=450&SP=1,DIPTYQUE,오 드 뚜왈렛 오 데 썽 50ml,50ml,"167,200",5%,4.9,1139,N/A,,,N/A
뷰티,향수,오 드 뚜왈렛,https://image.sivillage.com/upload/C00001/goods/org/629/230307004401629.jpg?RS=450&SP=1,DIPTYQUE,오 드 뚜왈렛 로 파피에 100ml,100ml,"228,950",5%,4.9,215,N/A,,,N/A
뷰티,향수,오 드 뚜왈렛,https://image.sivillage.com/upload/C00001/goods/org/440/230823006039440.jpg?RS=450&SP=1,DIPTYQUE,오 드 뚜왈렛 롬브르 단 로 100ml,100ml,"228,950",5%,4.9,801,N/A,,,N/A
뷰티,향수,오 드 뚜왈렛,https://image.sivillage.com/upload/C00001/goods/org/012/230907006290012.jpg?RS=450&SP=1&QT=20,DIPTYQUE,오 드 뚜왈렛 오 로즈 100ml,100ml,"228,950",5%,4.9,928,N/A,,,N/A
뷰티,향수,오 드 뚜왈렛,https://image.sivillage.com/upload/C00001/goods/org/884/210504001214884.jpg?RS=450&SP=1&QT=20,DIPTYQUE,오 드 뚜왈렛 필로시코스 100ml,100ml,"228,950",5%,4.9,435,N/A,,,N/A
뷰티,향수,오 드 뚜왈렛,https://image.sivillage.com/upload/C00001/s3/goods/org/491/240816027893491.jpg?RS=450&SP=1&QT=20,DOLCE & GABBANA BEAUTY,라이트 블루 썸머 바이브 뿌르 옴므 오 드 뚜왈렛 125ml,125ml,"148,500",10%,N/A,N/A,N/A,,,N/A
뷰티,향수,오 드 뚜왈렛,https://image.sivillage.com/upload/C00001/s3/goods/org/329/240829029779329.jpg?RS=450&SP=1&QT=20,HERMÈS,운 자르뎅 수르 라 라군 오 드 뚜왈렛 100ml,100ml,N/A,N/A,N/A,N/A,신규입고,,,N/A
뷰티,향수,오 드 뚜왈렛,https://image.sivillage.com/upload/C00001/goods/org/799/210504001214799.jpg?RS=450&SP=1&QT=20,DIPTYQUE,오 드 뚜왈렛 롬브르 단 로 50ml,50ml,"167,200",5%,4.9,649,N/A,,,N/A
뷰티,향수,오 드 뚜왈렛,https://image.sivillage.com/upload/C00001/goods/org/857/230907006210857.jpg?RS=450&SP=1&QT=20,DIPTYQUE,오 드 뚜왈렛 도손 50ml,50ml,"167,200",5%,4.9,588,N/A,,,N/A
뷰티,향수,오 드 뚜왈렛,https://image.sivillage.com/upload/C00001/goods/org/825/210504001214825.jpg?RS=450&SP=1&QT=20,DIPTYQUE,오 드 뚜왈렛 오 로즈 50ml,50ml,"167,200",5%,4.9,545,N/A,,,N/A
뷰티,향수,오 드 뚜왈렛,https://image.sivillage.com/upload/C00001/s3/goods/org/302/240627022847302.jpg?RS=450&SP=1&QT=20,DIPTYQUE,오 드 뚜왈렛 도손 100ml,100ml,"228,950",5%,4.9,639,N/A,,,N/A
뷰티,향수,오 드 뚜왈렛,https://image.sivillage.com/upload/C00001/goods/org/752/230907006256752.jpg?RS=450&SP=1&QT=20,DIPTYQUE,오 드 뚜왈렛 오에도 100ml,100ml,"228,950",5%,4.8,272,N/A,,,N/A
뷰티,향수,오 드 뚜왈렛,https://image.sivillage.com/upload/C00001/s3/goods/org/631/240508016029631.jpg?RS=450&SP=1&QT=20,DIPTYQUE,오 드 뚜왈렛 탐 다오 100ml,100ml,"228,950",5%,4.9,496,N/A,,,N/A
뷰티,향수,오 드 뚜왈렛,https://image.sivillage.com/upload/C00001/goods/org/809/230907006174809.jpg?RS=450&SP=1&QT=20,DIPTYQUE,오 드 뚜왈렛 올렌느 100ml,100ml,"228,950",5%,4.9,41,N/A,,,N/A
뷰티,향수,오 드 뚜왈렛,https://image.sivillage.com/upload/C00001/s3/goods/org/501/240422014505501.jpg?RS=450&SP=1&QT=20,HERMÈS,H24 오 드 뚜왈렛 100mL 2024 세트,100mL,N/A,N/A,5,5,N/A,,,N/A
뷰티,향수,오 드 뚜왈렛,https://image.sivillage.com/upload/C00001/goods/org/157/230907006191157.jpg?RS=450&SP=1&QT=20,DIPTYQUE,오 드 뚜왈렛 필로시코스 50ml,50ml,"167,200",5%,4.9,343,N/A,,,N/A
뷰티,향수,오 드 뚜왈렛,https://image.sivillage.com/upload/C00001/s3/goods/org/229/240813027494229.jpg?RS=450&SP=1&QT=20,HERMÈS,오 드 메르베이 오 드 뚜왈렛 100ml,100ml,N/A,N/A,N/A,N/A,N/A,,,N/A
뷰티,향수,오 드 뚜왈렛,https://image.sivillage.com/upload/C00001/s3/goods/org/710/231128007223710.jpg?RS=450&SP=1&QT=20,HERMÈS,르 자르뎅 드 무슈 리 오 드 뚜왈렛 200ml (리필용),200ml,N/A,N/A,5,2,N/A,,,N/A
뷰티,향수,오 드 뚜왈렛,https://image.sivillage.com/upload/C00001/s3/goods/org/818/240416013903818.jpg?RS=450&SP=1&QT=20,HERMÈS,오 드 메르베이 오 드 뚜왈렛 125ml (리필용),125ml,N/A,N/A,N/A,N/A,N/A,,,N/A
뷰티,향수,오 드 뚜왈렛,https://image.sivillage.com/upload/C00001/s3/goods/org/823/240416013903823.jpg?RS=450&SP=1&QT=20,HERMÈS,오 드 메르베이 블루 오 드 뚜왈렛125ml (리필용),뚜왈렛125ml,N/A,N/A,N/A,N/A,N/A,,,N/A
뷰티,향수,오 드 뚜왈렛,https://image.sivillage.com/upload/C00001/s3/goods/org/009/231130007242009.jpg?RS=450&SP=1&QT=20,HERMÈS,운 자르뎅 아 시테르 오 드 뚜왈렛 200ml (리필용),200ml,N/A,N/A,N/A,N/A,N/A,,,N/A
뷰티,향수,오 드 뚜왈렛,https://image.sivillage.com/upload/C00001/goods/org/952/230412004696952.jpg?RS=450&SP=1&QT=20,HERMÈS,운 자르뎅 아 시테르 오드뚜왈렛 100ml,100ml,N/A,N/A,5,5,N/A,,,N/A
뷰티,향수,오 드 뚜왈렛,https://image.sivillage.com/upload/C00001/goods/org/641/190415000276641.jpg?RS=450&SP=1&QT=20,HERMÈS,켈리 깔레쉬 오드퍼퓸 100ml,100ml,N/A,N/A,5,5,N/A,,,N/A
뷰티,향수,오 드 뚜왈렛,https://image.sivillage.com/upload/C00001/goods/org/482/190208000168482.jpg?RS=450&SP=1&QT=20,HERMÈS,운 자르뎅 메디떼라네 오드뚜왈렛 100ml,100ml,N/A,N/A,5,10,N/A,,,N/A
뷰티,향수,오 드 뚜왈렛,https://image.sivillage.com/upload/C00001/goods/org/518/221005003256518.jpg?RS=450&SP=1&QT=20,HERMÈS,보야쥐 데르메스 오드뚜왈렛 100ml,100ml,N/A,N/A,5,15,N/A,,,N/A
뷰티,향수,오 드 뚜왈렛,https://image.sivillage.com/upload/C00001/s3/goods/org/176/240730025693176.jpg?RS=450&SP=1&QT=20,HERMÈS,오 드 메르베이 블루 오 드 뚜왈렛 100ml,100ml,N/A,N/A,5,7,N/A,,,N/A
뷰티,향수,오 드 뚜왈렛,https://image.sivillage.com/upload/C00001/goods/org/091/190412000273091.jpg?RS=450&SP=1&QT=20,HERMÈS,운 자르뎅 수 르 뜨와 오드뚜왈렛 100ml,100ml,N/A,N/A,4.9,25,N/A,"https://image.sivillage.com/upload/C00001/goods/color/color_150010_220620131152.jpg,https://image.sivillage.com/upload/C00001/goods/color/color_150009_220620131152.jpg","100ml,50ml",N/A
뷰티,향수,오 드 뚜왈렛,https://image.sivillage.com/upload/C00001/goods/org/248/221005003253248.jpg?RS=450&SP=1&QT=20,LA PERVA,[조러브스] 샤드 오브 시더 & 레드 타임 오 드 뚜왈렛 100ml,100ml,"233,100",10%,5,1,N/A,,,N/A
뷰티,향수,오 드 뚜왈렛,https://image.sivillage.com/upload/C00001/goods/org/147/231121007113147.jpg?RS=450&SP=1&QT=20,DIPTYQUE,오 드 뚜왈렛 오 듀엘르 100ml,100ml,"228,950",5%,4.9,68,N/A,,,N/A
뷰티,향수,오 드 뚜왈렛,https://image.sivillage.com/upload/C00001/goods/org/733/190724000364733.png?RS=450&SP=1&QT=20,HERMÈS,르 자르뎅 드 무슈 리 오드뚜왈렛 100ml,100ml,N/A,N/A,4.9,95,N/A,"https://image.sivillage.com/upload/C00001/goods/color/color_150010_220620131152.jpg,https://image.sivillage.com/upload/C00001/goods/color/color_150012_220620131152.jpg,https://image.sivillage.com/upload/C00001/goods/color/color_150009_220620131152.jpg","100ml,30ml,50ml",N/A
뷰티,향수,오 드 뚜왈렛,https://image.sivillage.com/upload/C00001/goods/org/859/210504001214859.jpg?RS=450&SP=1&QT=20,DIPTYQUE,오 드 뚜왈렛 베티베리오 100ml,100ml,"228,950",5%,4.8,316,N/A,,,N/A
뷰티,향수,오 드 뚜왈렛,https://image.sivillage.com/upload/C00001/s3/goods/org/708/240731025771708.jpg?RS=450&SP=1&QT=20,LOEWE PERFUMES,로에베 에센시아 오 드 뚜왈렛 뿌르 옴므 100ML,100ML,"203,300",5%,N/A,N/A,N/A,,,N/A
뷰티,향수,오 드 뚜왈렛,https://image.sivillage.com/upload/C00001/s3/goods/org/582/240731025771582.jpg?RS=450&SP=1&QT=20,LOEWE PERFUMES,로에베 솔로 오 드 뚜왈렛 뿌르 옴므 100ML,100ML,"203,300",5%,N/A,N/A,N/A,,,N/A
뷰티,향수,오 드 뚜왈렛,https://image.sivillage.com/upload/C00001/goods/org/501/230907006308501.jpg?RS=450&SP=1&QT=20,DIPTYQUE,오 드 뚜왈렛 오프레지아 100ml,100ml,"228,950",5%,4.8,145,N/A,,,N/A
뷰티,향수,오 드 뚜왈렛,https://image.sivillage.com/upload/C00001/goods/org/212/230926006472212.jpg?RS=450&SP=1&QT=20,LA PERVA,[조러브스] 앰버 라임 & 베르가못 오 드 뚜왈렛 100ml,100ml,"233,100",10%,5,1,N/A,,,N/A
뷰티,향수,오 드 뚜왈렛,https://image.sivillage.com/upload/C00001/goods/org/546/201027000948546.jpg?RS=450&SP=1&QT=20,LA PERVA,[조러브스] 그린 오렌지 & 코리안더 오 드 뚜왈렛 100ml,100ml,"233,100",10%,4.7,7,N/A,,,N/A
뷰티,향수,오 드 뚜왈렛,https://image.sivillage.com/upload/C00001/s3/goods/org/118/240731025772118.jpg?RS=450&SP=1&QT=20,LOEWE PERFUMES,로에베 001 맨 오 드 뚜왈렛 100ML,100ML,"218,500",5%,5,2,N/A,,,N/A
뷰티,향수,오 드 뚜왈렛,https://image.sivillage.com/upload/C00001/s3/goods/org/641/240731025771641.jpg?RS=450&SP=1&QT=20,LOEWE PERFUMES,로에베 뿌르 옴므 오 드 뚜왈렛 100ML,100ML,"203,300",5%,5,1,N/A,,,N/A
뷰티,향수,오 드 뚜왈렛,https://image.sivillage.com/upload/C00001/s3/goods/org/006/240610020593006.jpg?RS=450&SP=1&QT=20,DIPTYQUE,오 드 뚜왈렛 오 드 리에 100ml,100ml,"228,950",5%,4.9,30,N/A,,,N/A
뷰티,향수,오 드 뚜왈렛,https://image.sivillage.com/upload/C00001/goods/org/761/220429002420761.jpg?RS=450&SP=1&QT=20,LA PERVA,[조러브스] 골든 가드니아 오 드 뚜왈렛 100ml,100ml,"233,100",10%,5,6,N/A,,,N/A
뷰티,향수,오 드 뚜왈렛,https://image.sivillage.com/upload/C00001/goods/org/540/201027000948540.jpg?RS=450&SP=1&QT=20,LA PERVA,[조러브스] 핑크 베티버 오 드 뚜왈렛 100ml,100ml,"233,100",10%,5,5,N/A,,,N/A
뷰티,향수,오 드 뚜왈렛,https://image.sivillage.com/upload/C00001/s3/goods/org/566/240731025771566.jpg?RS=450&SP=1&QT=20,LOEWE PERFUMES,로에베 솔로 엘라 오 드 뚜왈렛 100ML,100ML,"217,550",5%,N/A,N/A,N/A,,,N/A
뷰티,향수,오 드 뚜왈렛,https://image.sivillage.com/upload/C00001/s3/goods/org/111/240731025772111.jpg?RS=450&SP=1&QT=20,LOEWE PERFUMES,로에베 001 우먼 오 드 뚜왈렛 100ML,100ML,"218,500",5%,5,1,N/A,,,N/A
뷰티,향수,오 드 뚜왈렛,https://image.sivillage.com/upload/C00001/goods/org/872/230223004274872.jpg?RS=450&SP=1&QT=20,LA PERVA,[조러브스] 에보니 & 카시스 오 드 뚜왈렛 100ml,100ml,"233,100",10%,5,1,N/A,,,N/A
뷰티,향수,오 드 뚜왈렛,https://image.sivillage.com/upload/C00001/goods/org/090/220413002300090.jpg?RS=450&SP=1&QT=20,LA PERVA,[조러브스] 로즈 페탈 25 오 드 뚜왈렛 100ml,100ml,"233,100",10%,4,4,N/A,,,N/A
뷰티,향수,오 드 뚜왈렛,https://image.sivillage.com/upload/C00001/s3/goods/org/826/240731025771826.jpg?RS=450&SP=1&QT=20,LOEWE PERFUMES,로에베 아이레 아 미 아이레 오 드 뚜왈렛 100ML,100ML,"220,400",5%,5,6,N/A,,,N/A
뷰티,향수,오 드 뚜왈렛,https://image.sivillage.com/upload/C00001/s3/goods/org/803/240731025771803.jpg?RS=450&SP=1&QT=20,LOEWE PERFUMES,로에베 아이레 오 드 뚜왈렛 100ML,100ML,"220,400",5%,5,1,N/A,,,N/A
뷰티,향수,오 드 뚜왈렛,https://image.sivillage.com/upload/C00001/s3/goods/org/602/240731025771602.jpg?RS=450&SP=1&QT=20,LOEWE PERFUMES,로에베 솔로 세드로 오 드 뚜왈렛 뿌르 옴므 100ML,100ML,"203,300",5%,N/A,N/A,N/A,,,N/A
뷰티,향수,오 드 뚜왈렛,https://image.sivillage.com/upload/C00001/goods/org/534/201027000948534.jpg?RS=450&SP=1&QT=20,LA PERVA,[조러브스] 넘버 42 플라워샵 오 드 뚜왈렛 100ml,100ml,"233,100",10%,5,21,N/A,,,N/A
뷰티,향수,오 드 뚜왈렛,https://image.sivillage.com/upload/C00001/goods/org/774/230907006237774.jpg?RS=450&SP=1&QT=20,LA PERVA,[조러브스] 화이트 로즈 & 레몬 리브스 오 드 뚜왈렛 100ml,100ml,"233,100",10%,5,4,N/A,,,N/A
뷰티,향수,오 드 뚜왈렛,https://image.sivillage.com/upload/C00001/goods/org/664/230307004401664.jpg?RS=450&SP=1&QT=20,DIPTYQUE,오 드 뚜왈렛 로 파피에 50ml,50ml,"167,200",5%,4.9,243,N/A,,,N/A
뷰티,향수,오 드 뚜왈렛,https://image.sivillage.com/upload/C00001/goods/org/576/230907006193576.jpg?RS=450&SP=1&QT=20,DIPTYQUE,오 드 뚜왈렛 오에도 50ml,50ml,"167,200",5%,4.9,149,N/A,,,N/A
뷰티,향수,오 드 뚜왈렛,https://image.sivillage.com/upload/C00001/goods/org/144/230907006185144.jpg?RS=450&SP=1&QT=20,DIPTYQUE,오 드 뚜왈렛 탐 다오 50ml,50ml,"167,200",5%,4.9,330,N/A,,,N/A
뷰티,향수,오 드 뚜왈렛,https://image.sivillage.com/upload/C00001/s3/goods/org/072/240422014505072.jpg?RS=450&SP=1&QT=20,HERMÈS,운 자르뎅 아 시테르 오 드 뚜왈렛 50mL 세트,50mL,N/A,N/A,5,4,N/A,,,N/A
뷰티,향수,오 드 뚜왈렛,https://image.sivillage.com/upload/C00001/s3/goods/org/410/240201008652410.jpg?RS=450&SP=1&QT=20,DOLCE & GABBANA BEAUTY,라이트 블루 오 드 뚜왈렛 100ml,100ml,"127,800",10%,4.9,74,N/A,,,N/A
뷰티,향수,오 드 뚜왈렛,https://image.sivillage.com/upload/C00001/s3/goods/org/276/240813027494276.jpg?RS=450&SP=1,HERMÈS,오 드 메르베이 오 드 뚜왈렛 30ml,30ml,N/A,N/A,5,5,N/A,,,N/A
뷰티,향수,오 드 뚜왈렛,https://image.sivillage.com/upload/C00001/s3/goods/org/249/240813027494249.jpg?RS=450&SP=1,HERMÈS,오 드 메르베이 오 드 뚜왈렛 50ml,50ml,N/A,N/A,5,13,N/A,,,N/A
뷰티,향수,오 드 뚜왈렛,https://image.sivillage.com/upload/C00001/goods/org/937/230412004696937.jpg?RS=450&SP=1,HERMÈS,운 자르뎅 아 시테르 오드뚜왈렛 50ml,50ml,N/A,N/A,5,6,N/A,,,N/A
뷰티,향수,오 드 뚜왈렛,https://image.sivillage.com/upload/C00001/s3/goods/org/335/240415013804335.jpg?RS=450&SP=1,HERMÈS,운 자르뎅 메디떼라네 오드뚜왈렛 50ml,50ml,N/A,N/A,5,6,N/A,,,N/A
뷰티,향수,오 드 뚜왈렛,https://image.sivillage.com/upload/C00001/goods/org/709/230907006312709.jpg?RS=450&SP=1,HERMÈS,H24 오드뚜왈렛 30ml,30ml,N/A,N/A,5,6,N/A,,,N/A
뷰티,향수,오 드 뚜왈렛,https://image.sivillage.com/upload/C00001/goods/org/396/230907006313396.jpg?RS=450&SP=1,HERMÈS,H24 오드뚜왈렛 100ml,100ml,N/A,N/A,5,23,N/A,,,N/A
뷰티,향수,오 드 뚜왈렛,https://image.sivillage.com/upload/C00001/s3/goods/org/118/240730025693118.jpg?RS=450&SP=1&QT=20,HERMÈS,오 드 메르베이 블루 오드뚜왈렛 30ml,30ml,N/A,N/A,5,3,N/A,,,N/A
뷰티,향수,오 드 뚜왈렛,https://image.sivillage.com/upload/C00001/goods/org/968/221214003658968.jpg?RS=450&SP=1&QT=20,HERMÈS,운 자르뎅 수 르 닐 오드뚜왈렛 50ml,50ml,N/A,N/A,4.9,142,N/A,"https://image.sivillage.com/upload/C00001/goods/color/color_150009_220620131152.jpg,https://image.sivillage.com/upload/C00001/goods/color/color_150012_220620131152.jpg,https://image.sivillage.com/upload/C00001/goods/color/color_150010_220620131152.jpg","50ml,30ml,100ml",N/A
뷰티,향수,오 드 뚜왈렛,https://image.sivillage.com/upload/C00001/goods/org/171/230908006347171.jpg?RS=450&SP=1&QT=20,HERMÈS,떼르 데르메스 오 엥땅스 베티베르 50ml,50ml,N/A,N/A,4.9,21,N/A,"https://image.sivillage.com/upload/C00001/goods/color/color_150009_220620131152.jpg,https://image.sivillage.com/upload/C00001/goods/color/color_150010_220620131152.jpg","50ml,100ml",N/A
뷰티,향수,오 드 뚜왈렛,https://image.sivillage.com/upload/C00001/goods/org/543/201027000948543.jpg?RS=450&SP=1&QT=20,LA PERVA,[조러브스] 조 바이 조 러브스 오 드 뚜왈렛 50ml,50ml,"152,100",10%,4.9,198,N/A,,,N/A
뷰티,향수,오 드 뚜왈렛,https://image.sivillage.com/upload/C00001/s3/goods/org/899/240731025771899.jpg?RS=450&SP=1&QT=20,LOEWE PERFUMES,로에베 아구아 오 드 뚜왈렛 50ML,50ML,"133,950",5%,5,2,N/A,,,N/A
뷰티,향수,오 드 뚜왈렛,https://image.sivillage.com/upload/C00001/s3/goods/org/939/240731025771939.jpg?RS=450&SP=1&QT=20,LOEWE PERFUMES,로에베 아구아 마르 드 코랄 오 드 뚜왈렛 50ML,50ML,"133,950",5%,4.5,2,N/A,,,N/A
뷰티,향수,오 드 뚜왈렛,https://image.sivillage.com/upload/C00001/goods/org/033/230915006397033.jpg?RS=450&SP=1&QT=20,DOLCE & GABBANA BEAUTY,돌체 바이올렛 오 드 뚜왈렛 75ml,75ml,"121,500",10%,5,3,N/A,,,N/A
뷰티,향수,오 드 뚜왈렛,https://image.sivillage.com/upload/C00001/s3/goods/org/833/240731025771833.jpg?RS=450&SP=1&QT=20,LOEWE PERFUMES,로에베 아이레 수틸레사 오 드 뚜왈렛 50ML,50ML,"153,900",5%,4.9,89,N/A,,,N/A
뷰티,향수,오 드 뚜왈렛,https://image.sivillage.com/upload/C00001/s3/goods/org/656/240731025771656.jpg?RS=450&SP=1&QT=20,LOEWE PERFUMES,로에베 파울라 이비자 오 드 뚜왈렛 50ML,50ML,"148,200",5%,5,5,N/A,,,N/A
뷰티,향수,오 드 뚜왈렛,https://image.sivillage.com/upload/C00001/s3/goods/org/046/240201008651046.jpg?RS=450&SP=1&QT=20,DOLCE & GABBANA BEAUTY,라이트 블루 뿌르 옴므 오 드 뚜왈렛 125ml,125ml,"123,300",10%,5,20,N/A,,,N/A
뷰티,향수,오 드 뚜왈렛,https://image.sivillage.com/upload/C00001/goods/org/199/220513002497199.jpg?RS=450&SP=1&QT=20,LA PERVA,[지미추] 오드트왈렛 100ml,100ml,"142,200",10%,N/A,N/A,N/A,,,N/A
뷰티,향수,오 드 뚜왈렛,https://image.sivillage.com/upload/C00001/s3/goods/org/714/240731025771714.jpg?RS=450&SP=1&QT=20,LOEWE PERFUMES,로에베 에센시아 오 드 뚜왈렛 뿌르 옴므 50ML,50ML,"155,800",5%,5,3,N/A,,,N/A
뷰티,향수,오 드 뚜왈렛,https://image.sivillage.com/upload/C00001/goods/org/221/230926006472221.jpg?RS=450&SP=1&QT=20,LA PERVA,[조러브스] 앰버 라임 & 베르가못 오 드 뚜왈렛 50ml,50ml,"152,100",10%,4,2,N/A,,,N/A
뷰티,향수,오 드 뚜왈렛,https://image.sivillage.com/upload/C00001/goods/org/026/220419002337026.jpg?RS=450&SP=1&QT=20,LA PERVA,[코치] 맨 오드트왈렛 100ml,100ml,"107,100",10%,N/A,N/A,N/A,,,N/A
뷰티,향수,오 드 뚜왈렛,https://image.sivillage.com/upload/C00001/goods/org/245/221005003253245.jpg?RS=450&SP=1&QT=20,LA PERVA,[조러브스] 스모크 플럼 & 레더 오 드 뚜왈렛 50ml,50ml,"152,100",10%,5,3,N/A,,,N/A
뷰티,향수,오 드 뚜왈렛,https://image.sivillage.com/upload/C00001/goods/org/219/230510005012219.jpg?RS=450&SP=1&QT=20,DIPTYQUE,오 드 뚜왈렛 베티베리오 50ml,50ml,"167,200",5%,4.9,213,N/A,,,N/A
뷰티,향수,오 드 뚜왈렛,https://image.sivillage.com/upload/C00001/goods/org/024/230915006397024.jpg?RS=450&SP=1&QT=20,DOLCE & GABBANA BEAUTY,케이 바이 돌체 앤 가바나 오 드 뚜왈렛 100ml,100ml,"126,900",10%,5,13,N/A,,,N/A
뷰티,향수,오 드 뚜왈렛,https://image.sivillage.com/upload/C00001/s3/goods/org/059/240221009150059.jpg?RS=450&SP=1&QT=20,LOEWE PERFUMES,로에베 001 우먼 오 드 뚜왈렛 30ML,30ML,"125,400",5%,5,2,N/A,,,N/A
뷰티,향수,오 드 뚜왈렛,https://image.sivillage.com/upload/C00001/s3/goods/org/913/240731025771913.jpg?RS=450&SP=1&QT=20,LOEWE PERFUMES,로에베 아구아 오 드 뚜왈렛 100ML,100ML,"179,550",5%,5,1,N/A,,,N/A
뷰티,향수,오 드 뚜왈렛,https://image.sivillage.com/upload/C00001/goods/org/950/230907006312950.jpg?RS=450&SP=1&QT=20,HERMÈS,H24 오드뚜왈렛 50ml,50ml,N/A,N/A,4.9,38,N/A,,,N/A
뷰티,향수,오 드 뚜왈렛,https://image.sivillage.com/upload/C00001/goods/org/560/201027000948560.jpg?RS=450&SP=1&QT=20,LA PERVA,[조러브스] 핑크 베티버 오 드 뚜왈렛 50ml,50ml,"152,100",10%,5,8,N/A,,,N/A
뷰티,향수,오 드 뚜왈렛,https://image.sivillage.com/upload/C00001/goods/org/568/201027000948568.jpg?RS=450&SP=1&QT=20,LA PERVA,[조러브스] 화이트 로즈 & 레몬 리브스 오 드 뚜왈렛 50ml,50ml,"152,100",10%,5,27,N/A,,,N/A
뷰티,향수,오 드 뚜왈렛,https://image.sivillage.com/upload/C00001/s3/goods/org/136/240731025772136.jpg?RS=450&SP=1&QT=20,LOEWE PERFUMES,로에베 001 맨 오 드 뚜왈렛 50ML,50ML,"158,650",5%,5,5,N/A,,,N/A
뷰티,향수,오 드 뚜왈렛,https://image.sivillage.com/upload/C00001/s3/goods/org/044/240731025772044.jpg?RS=450&SP=1&QT=20,LOEWE PERFUMES,로에베 아구아 엘 오 드 뚜왈렛 100ML,100ML,"179,550",5%,N/A,N/A,N/A,,,N/A
뷰티,향수,오 드 뚜왈렛,https://image.sivillage.com/upload/C00001/goods/org/679/220428002406679.jpg?RS=450&SP=1&QT=20,LA PERVA,[안나수이] 스카이 오드트왈렛 75ml,75ml,"107,100",10%,N/A,N/A,N/A,,,N/A
뷰티,향수,오 드 뚜왈렛,https://image.sivillage.com/upload/C00001/goods/org/514/230907006321514.jpg?RS=450&SP=1&QT=20,HERMÈS,떼르 데르메스 오드뚜왈렛 100ml,100ml,N/A,N/A,4.8,42,N/A,"https://image.sivillage.com/upload/C00001/goods/color/color_150010_220620131152.jpg,https://image.sivillage.com/upload/C00001/goods/color/color_150009_220620131152.jpg","100ml,50ml",N/A
뷰티,향수,오 드 뚜왈렛,https://image.sivillage.com/upload/C00001/goods/org/157/220513002497157.jpg?RS=450&SP=1&QT=20,LA PERVA,[지미추] 로 오드트왈렛 90ml,90ml,"142,200",10%,N/A,N/A,N/A,,,N/A
뷰티,향수,오 드 뚜왈렛,https://image.sivillage.com/upload/C00001/s3/goods/org/963/240731025771963.jpg?RS=450&SP=1&QT=20,LOEWE PERFUMES,로에베 아구아 마이애미 오 드 뚜왈렛 50ML,50ML,"133,950",5%,5,2,N/A,,,N/A
뷰티,향수,오 드 뚜왈렛,https://image.sivillage.com/upload/C00001/s3/goods/org/017/240731025772017.jpg?RS=450&SP=1&QT=20,LOEWE PERFUMES,로에베 아구아 엘 오 드 뚜왈렛 50ML,50ML,"133,950",5%,5,1,N/A,,,N/A
뷰티,향수,오 드 뚜왈렛,https://image.sivillage.com/upload/C00001/s3/goods/org/006/240731025772006.jpg?RS=450&SP=1&QT=20,LOEWE PERFUMES,로에베 아구아 엘라 오 드 뚜왈렛 100ML,100ML,"179,550",5%,5,2,N/A,,,N/A
뷰티,향수,오 드 뚜왈렛,https://image.sivillage.com/upload/C00001/s3/goods/org/820/240731025771820.jpg?RS=450&SP=1&QT=20,LOEWE PERFUMES,로에베 아이레 아 미 아이레 오 드 뚜왈렛 50ML,50ML,"153,900",5%,5,2,N/A,,,N/A
뷰티,향수,오 드 뚜왈렛,https://image.sivillage.com/upload/C00001/s3/goods/org/650/240731025771650.jpg?RS=450&SP=1&QT=20,LOEWE PERFUMES,로에베 뿌르 옴므 오 드 뚜왈렛 50ML,50ML,"155,800",5%,N/A,N/A,N/A,,,N/A
뷰티,향수,오 드 뚜왈렛,https://image.sivillage.com/upload/C00001/s3/goods/org/559/240731025771559.jpg?RS=450&SP=1&QT=20,LOEWE PERFUMES,로에베 솔로 엘라 오 드 뚜왈렛 50ML,50ML,"152,950",5%,N/A,N/A,N/A,,,N/A
뷰티,향수,오 드 뚜왈렛,https://image.sivillage.com/upload/C00001/goods/org/030/230915006397030.jpg?RS=450&SP=1&QT=20,DOLCE & GABBANA BEAUTY,돌체 로즈 오 드 뚜왈렛 75ml,75ml,"121,500",10%,5,3,N/A,,,N/A
뷰티,향수,오 드 뚜왈렛,https://image.sivillage.com/upload/C00001/goods/org/564/201027000948564.jpg?RS=450&SP=1&QT=20,LA PERVA,[조러브스] 그린 오렌지 & 코리안더 오 드 뚜왈렛 50ml,50ml,"152,100",10%,4.9,13,N/A,,,N/A
뷰티,향수,오 드 뚜왈렛,https://image.sivillage.com/upload/C00001/s3/goods/org/000/240731025772000.jpg?RS=450&SP=1&QT=20,LOEWE PERFUMES,로에베 아구아 엘라 오 드 뚜왈렛 50ML,50ML,"133,950",5%,5,4,N/A,,,N/A
뷰티,향수,오 드 뚜왈렛,https://image.sivillage.com/upload/C00001/goods/org/557/201027000948557.jpg?RS=450&SP=1&QT=20,LA PERVA,[조러브스] 넘버 42 플라워샵 오 드 뚜왈렛 50ml,50ml,"152,100",10%,4.8,50,N/A,,,N/A
뷰티,향수,오 드 뚜왈렛,https://image.sivillage.com/upload/C00001/goods/org/947/230907006299947.jpg?RS=450&SP=1&QT=20,LA PERVA,[조러브스] 코발트 파출리 & 시더 오 드 뚜왈렛 50ml,50ml,"152,100",10%,5,11,N/A,,,N/A
