top_category_name,middle_category_name,bottom_category_name,sub_category_name,image_src,brand,name,volume,price,discount_rate,rating,review_count,delivery_info,color_image_src,color_name,bedge
뷰티,메이크업,페이스 메이크업,메이크업 베이스,https://image.sivillage.com/upload/C00001/s3/goods/org/246/240424014625246.jpg?RS=450&SP=1,YUNJAC,스킨 퍼펙팅 프로텍티브 베이스프렙,N/A,"40,500",10%,4.9,1191,N/A,,,N/A
뷰티,메이크업,페이스 메이크업,메이크업 베이스,https://image.sivillage.com/upload/C00001/goods/org/607/221104003444607.jpg?RS=450&SP=1,HOURGLASS,베일 미네랄 프라이머 브로드스펙트럼 에스피에프 15 - 풀,N/A,"77,400",10%,4.8,181,N/A,,,N/A
뷰티,메이크업,페이스 메이크업,메이크업 베이스,https://image.sivillage.com/upload/C00001/goods/org/498/220615002646498.jpg?RS=450&SP=1,HOURGLASS,베일 미네랄 프라이머 브로드스펙트럼 에스피에프 15 - 트래블,N/A,"28,800",10%,4.9,118,N/A,,,N/A
뷰티,메이크업,페이스 메이크업,메이크업 베이스,https://image.sivillage.com/upload/C00001/s3/goods/org/874/240822028697874.jpg?RS=450&SP=1,LAURA MERCIER,퓨어 캔버스 프라이머 하이드레이팅 듀오 (30ml & 15ml),(30ml,"71,100",10%,N/A,N/A,N/A,,,N/A
뷰티,메이크업,페이스 메이크업,메이크업 베이스,https://image.sivillage.com/upload/C00001/s3/goods/org/558/240822028685558.jpg?RS=450&SP=1&QT=20,JAJU,자주 톤업 선크림 SPF50+ PA+++,N/A,N/A,N/A,N/A,N/A,신상,,,N/A
뷰티,메이크업,페이스 메이크업,메이크업 베이스,https://image.sivillage.com/upload/C00001/goods/org/210/220615002646210.jpg?RS=450&SP=1&QT=20,HOURGLASS,베일 미네랄 프라이머 브로드스펙트럼 에스피에프 15 - 점보,N/A,"101,700",10%,4.9,150,N/A,,,N/A
뷰티,메이크업,페이스 메이크업,메이크업 베이스,https://image.sivillage.com/upload/C00001/s3/goods/org/410/240621022192410.jpg?RS=450&SP=1&QT=20,HOURGLASS,[유튜버 PICK] 배니쉬 에어브러쉬 프라이머 - 점보,N/A,"101,700",10%,5,31,N/A,,,N/A
뷰티,메이크업,페이스 메이크업,메이크업 베이스,https://image.sivillage.com/upload/C00001/s3/goods/org/364/240510016372364.jpg?RS=450&SP=1&QT=20,LAURA MERCIER,[단독구성] 리얼 플로리스 파운데이션 + 컨실러 세트,N/A,N/A,N/A,N/A,N/A,N/A,,,세트
뷰티,메이크업,페이스 메이크업,메이크업 베이스,https://image.sivillage.com/upload/C00001/s3/goods/org/769/240808026711769.jpg?RS=450&SP=1&QT=20,DOLCE & GABBANA BEAUTY,베르가못 글로우 프라이머,N/A,"63,000",10%,N/A,N/A,N/A,,,N/A
뷰티,메이크업,페이스 메이크업,메이크업 베이스,https://image.sivillage.com/upload/C00001/s3/goods/org/413/240621022192413.jpg?RS=450&SP=1&QT=20,HOURGLASS,[유튜버 PICK] 배니쉬 에어브러쉬 프라이머 - 풀,N/A,"77,400",10%,4.9,123,N/A,,,N/A
뷰티,메이크업,페이스 메이크업,메이크업 베이스,https://image.sivillage.com/upload/C00001/s3/goods/org/908/240724025244908.jpg?RS=450&SP=1&QT=20,LAURA MERCIER,퓨어 캔버스 프라이머 하이드레이팅-30ml,하이드레이팅-30ml,"62,100",10%,N/A,N/A,N/A,,,N/A
뷰티,메이크업,페이스 메이크업,메이크업 베이스,https://image.sivillage.com/upload/C00001/goods/org/633/230907006283633.jpg?RS=450&SP=1&QT=20,HOURGLASS,Nº 28 프라이머 세럼 (트래블) 8ml,8ml,"33,300",10%,4.8,55,N/A,,,N/A
뷰티,메이크업,페이스 메이크업,메이크업 베이스,https://image.sivillage.com/upload/C00001/goods/org/882/221121003536882.jpg?RS=450&SP=1&QT=20,VIDIVICI,스킨 일루미네이션 SPF30 PA++ 40ml,40ml,"48,600",10%,4.9,851,N/A,"https://image.sivillage.com/upload/C00001/upload1/product/colorChip/13_02_%EB%9D%BC%EC%9D%B4%ED%8A%B8_%ED%95%91%ED%81%AC.png,https://image.sivillage.com/upload/C00001/upload1/product/colorChip/13_02_%EB%9D%BC%EC%9D%B4%ED%8A%B8_%ED%95%91%ED%81%AC.png","라이트 핑크,라이트 핑크",N/A
뷰티,메이크업,페이스 메이크업,메이크업 베이스,https://image.sivillage.com/upload/C00001/goods/org/584/221229003736584.jpg?RS=450&SP=1&QT=20,LAURA MERCIER,퓨어 캔버스 프라이머 블러링 트래블 사이즈 (25ml),(25ml),"38,700",10%,5,11,N/A,,,N/A
뷰티,메이크업,페이스 메이크업,메이크업 베이스,https://image.sivillage.com/upload/C00001/goods/org/202/220615002646202.jpg?RS=450&SP=1&QT=20,HOURGLASS,Nº 28 프라이머 세럼 (풀) 30ml,30ml,"92,700",10%,4.9,52,N/A,,,N/A
뷰티,메이크업,페이스 메이크업,메이크업 베이스,https://image.sivillage.com/upload/C00001/s3/goods/org/902/240724025244902.jpg?RS=450&SP=1&QT=20,LAURA MERCIER,틴티드 모이스춰라이저 라이트 리빌러 (1C0 카메오),N/A,"76,500",10%,N/A,N/A,N/A,,,N/A
뷰티,메이크업,페이스 메이크업,메이크업 베이스,https://image.sivillage.com/upload/C00001/s3/goods/org/871/240221009149871.jpg?RS=450&SP=1&QT=20,LAURA MERCIER,[로라메르시에] 시크릿 카뮤플라지 & 브러쉬 세트,N/A,N/A,N/A,N/A,N/A,N/A,,,세트
뷰티,메이크업,페이스 메이크업,메이크업 베이스,https://image.sivillage.com/upload/C00001/goods/org/995/230705005628995.jpg?RS=450&SP=1&QT=20,HOURGLASS,베일 하이드레이팅 스킨 틴트 - 1,N/A,"63,000",10%,4.9,29,N/A,"https://image.sivillage.com/upload/C00001/goods/color/color_020330_230705181653.jpg,https://image.sivillage.com/upload/C00001/goods/color/color_020329_230705181653.jpg,https://image.sivillage.com/upload/C00001/goods/color/color_020328_230705181653.jpg,https://image.sivillage.com/upload/C00001/goods/color/color_020327_230705181653.jpg,https://image.sivillage.com/upload/C00001/goods/color/color_020326_230705181653.jpg,https://image.sivillage.com/upload/C00001/goods/color/color_020325_230705181653.jpg,https://image.sivillage.com/upload/C00001/goods/color/color_020324_230705181653.jpg,https://image.sivillage.com/upload/C00001/goods/color/color_020323_230705181653.jpg,https://image.sivillage.com/upload/C00001/goods/color/color_020322_230705181653.jpg,https://image.sivillage.com/upload/C00001/goods/color/color_020321_230705181652.jpg","1,2,3,4,5,6,7,8,9,10",N/A
뷰티,메이크업,페이스 메이크업,메이크업 베이스,https://image.sivillage.com/upload/C00001/goods/org/348/230110003803348.jpg?RS=450&SP=1&QT=20,LAURA MERCIER,퓨어 캔버스 프라이머 블러링 50ml,50ml,"67,500",10%,4.9,54,N/A,"https://image.sivillage.com/upload/C00001/goods/color/color_150009_220620131152.jpg,https://image.sivillage.com/upload/C00001/goods/color/color_150009_220620131152.jpg,https://image.sivillage.com/upload/C00001/goods/color/color_150009_220620131152.jpg","50ml,50ml,50ml",N/A
뷰티,메이크업,페이스 메이크업,메이크업 베이스,https://image.sivillage.com/upload/C00001/s3/goods/org/863/240221009149863.jpg?RS=450&SP=1&QT=20,LAURA MERCIER,[로라메르시에] 시크릿 카뮤플라지 & 파우더 브러쉬 세트,N/A,N/A,N/A,N/A,N/A,N/A,,,세트
뷰티,메이크업,페이스 메이크업,메이크업 베이스,https://image.sivillage.com/upload/C00001/s3/goods/org/904/240724025244904.jpg?RS=450&SP=1&QT=20,LAURA MERCIER,퓨어 캔버스 프라이머 블러링 30ml,30ml,"62,100",10%,5,1,N/A,,,N/A
뷰티,메이크업,페이스 메이크업,메이크업 베이스,https://image.sivillage.com/upload/C00001/s3/goods/org/910/240724025244910.jpg?RS=450&SP=1&QT=20,LAURA MERCIER,퓨어 캔버스 프라이머 일루미네이팅-30ml,일루미네이팅-30ml,"62,100",10%,N/A,N/A,N/A,,,N/A
뷰티,메이크업,페이스 메이크업,메이크업 베이스,https://image.sivillage.com/upload/C00001/s3/goods/org/900/240724025244900.jpg?RS=450&SP=1&QT=20,LAURA MERCIER,틴티드 모이스춰라이저 라이트 리빌러 (0W1 펄),N/A,"76,500",10%,N/A,N/A,N/A,,,N/A
뷰티,메이크업,페이스 메이크업,메이크업 베이스,https://image.sivillage.com/upload/C00001/goods/org/346/230110003803346.jpg?RS=450&SP=1&QT=20,LAURA MERCIER,퓨어 캔버스 파워 프라이머 슈퍼차지드 에센스,N/A,"76,500",10%,5,3,N/A,,,N/A
뷰티,메이크업,페이스 메이크업,메이크업 베이스,https://image.sivillage.com/upload/C00001/goods/org/800/230103003761800.jpg?RS=450&SP=1&QT=20,LAURA MERCIER,틴티드 모이스춰라이저 라이트 리빌러 (0N1 페탈),N/A,"76,500",10%,5,6,N/A,"https://image.sivillage.com/upload/C00001/goods/color/color_020218_221229001107.jpg,https://image.sivillage.com/upload/C00001/goods/color/color_020219_221229001107.jpg,https://image.sivillage.com/upload/C00001/goods/color/color_020220_221229001107.jpg,https://image.sivillage.com/upload/C00001/goods/color/color_020221_221229001107.jpg","0N1 페탈,1W1 포슬린,2N1 누드,3N1 샌드",N/A
뷰티,메이크업,페이스 메이크업,메이크업 베이스,https://image.sivillage.com/upload/C00001/goods/org/487/231012006581487.jpg?RS=450&SP=1&QT=20,VIDIVICI,스킨 일루미네이션 쿠션 SPF30 PA++,N/A,"35,100",10%,4.9,108,N/A,,,N/A
뷰티,메이크업,페이스 메이크업,메이크업 베이스,https://image.sivillage.com/upload/C00001/goods/org/085/210514001229085.jpg?RS=450&SP=1&QT=20,HOURGLASS,베일 아이 프라이머,N/A,"39,600",10%,4.9,47,N/A,,,N/A
뷰티,메이크업,페이스 메이크업,메이크업 베이스,https://image.sivillage.com/upload/C00001/s3/goods/org/406/240621022192406.jpg?RS=450&SP=1&QT=20,HOURGLASS,[유튜버 PICK] 배니쉬 에어브러쉬 프라이머 - 트래블,N/A,"28,800",10%,4.9,43,N/A,,,N/A
뷰티,메이크업,페이스 메이크업,메이크업 베이스,https://image.sivillage.com/upload/C00001/goods/org/520/230816005985520.jpg?RS=450&SP=1&QT=20,VIDIVICI,포어 프렙 프라이머,N/A,"46,800",10%,4.9,117,N/A,,,N/A
뷰티,메이크업,페이스 메이크업,메이크업 베이스,https://image.sivillage.com/upload/C00001/s3/goods/org/911/231228007755911.jpg?RS=450&SP=1&QT=20,CELLCOSMET,[셀코스메트] 셀틴트 00 포슬린 30ml,30ml,"342,950",9%,5,1,N/A,,,세일
뷰티,메이크업,페이스 메이크업,메이크업 베이스,https://image.sivillage.com/upload/C00001/s3/goods/org/903/231228007755903.jpg?RS=450&SP=1&QT=20,CELLCOSMET,[셀코스메트] 셀틴트 01 오팔 30ml,30ml,"342,950",9%,N/A,N/A,N/A,,,세일
뷰티,메이크업,페이스 메이크업,메이크업 베이스,https://image.sivillage.com/upload/C00001/s3/goods/org/317/240522017932317.png?RS=450&SP=1&QT=20,ODEAR,오데어 쓰리디 톤업 쿠션 15g(본품) X 3EA + 오데어 쓰리디 톤업 쿠션(리필형) 15g X 3EA,N/A,"170,100",10%,3.5,2,N/A,,,N/A
뷰티,메이크업,페이스 메이크업,메이크업 베이스,https://image.sivillage.com/upload/C00001/s3/goods/org/081/240522017932081.png?RS=450&SP=1&QT=20,ODEAR,오데어 쓰리디 톤업 쿠션 15g X 3EA,N/A,"121,500",10%,5,1,N/A,,,N/A
뷰티,메이크업,페이스 메이크업,메이크업 베이스,https://image.sivillage.com/upload/C00001/s3/goods/org/769/240828029559769.jpg?RS=450&SP=1&QT=20,HUXLEY,[헉슬리] 톤업 크림 스테이 선 세이프 50ml,50ml,N/A,N/A,N/A,N/A,N/A,,,N/A
뷰티,메이크업,페이스 메이크업,메이크업 베이스,https://image.sivillage.com/upload/C00001/s3/goods/org/286/240827029317286.jpg?RS=450&SP=1&QT=20,NARS,[나스] 나스 라이트 리플렉팅 톤 업 베일,N/A,"53,100",10%,N/A,N/A,N/A,,,N/A
뷰티,메이크업,페이스 메이크업,메이크업 베이스,https://image.sivillage.com/upload/C00001/s3/goods/org/655/240901030132655.jpg?RS=450&SP=1&QT=20,MAC,[맥] 픽스+ 스테이 오버 100ml,100ml,"50,350",5%,5,1,N/A,,,N/A
뷰티,메이크업,페이스 메이크업,메이크업 베이스,https://image.sivillage.com/upload/C00001/s3/goods/org/973/240814027543973.jpg?RS=450&SP=1&QT=20,MAC,[맥] 프렙+프라임 내추럴 래디언스,N/A,N/A,N/A,N/A,N/A,N/A,,,N/A
뷰티,메이크업,페이스 메이크업,메이크업 베이스,https://image.sivillage.com/upload/C00001/s3/goods/org/950/240821028500950.jpg?RS=450&SP=1&QT=20,CLE DE PEAU BEAUTE,[끌레드뽀보떼] 래디언트 쿠션 파운데이션 듀이 (리필),N/A,"76,500",10%,5,1,N/A,,,N/A
뷰티,메이크업,페이스 메이크업,메이크업 베이스,https://image.sivillage.com/upload/C00001/s3/goods/org/527/240830029830527.jpg?RS=450&SP=1&QT=20,CLE DE PEAU BEAUTE,[끌레드뽀보떼] 브라이트닝 인헨서 베일,N/A,"80,100",10%,N/A,N/A,N/A,,,N/A
뷰티,메이크업,페이스 메이크업,메이크업 베이스,https://image.sivillage.com/upload/C00001/s3/goods/org/735/240522017932735.png?RS=450&SP=1&QT=20,ODEAR,오데어 쓰리디 톤업 쿠션(본품) 15g +오데어 쓰리디 톤업 쿠션(리필형) 15g,N/A,"56,700",10%,N/A,N/A,N/A,,,N/A
뷰티,메이크업,페이스 메이크업,메이크업 베이스,https://image.sivillage.com/upload/C00001/s3/goods/org/623/240522017929623.jpg?RS=450&SP=1&QT=20,PAUL&JOE,폴앤조 젤 파운데이션 S SPF25 PA++,N/A,"61,200",10%,N/A,N/A,N/A,,,N/A
뷰티,메이크업,페이스 메이크업,메이크업 베이스,https://image.sivillage.com/upload/C00001/s3/goods/org/873/240814027543873.jpg?RS=450&SP=1&QT=20,MAC,[맥] 스트롭 크림,N/A,N/A,N/A,N/A,N/A,N/A,,,N/A
뷰티,메이크업,페이스 메이크업,메이크업 베이스,https://image.sivillage.com/upload/C00001/s3/goods/org/848/240125008391848.jpg?RS=450&SP=1&QT=20,SULWHASOO,설화수 퍼펙팅베일 베이스 30ml (옵션),30ml,N/A,N/A,5,3,N/A,,,N/A
뷰티,메이크업,페이스 메이크업,메이크업 베이스,https://image.sivillage.com/upload/C00001/s3/goods/org/030/240826029292030.jpg?RS=450&SP=1&QT=20,LAB SERIES,[랩시리즈] BB 틴티드 모이스춰라이저 SPF35 PA+++ 50ml 기획세트,50ml,"66,600",10%,5,3,N/A,,,N/A
뷰티,메이크업,페이스 메이크업,메이크업 베이스,https://image.sivillage.com/upload/C00001/s3/goods/org/959/240901030131959.jpg?RS=450&SP=1&QT=20,MAC,[맥] 라이트풀 C+ 코랄 그라스 틴티드 프라이머 SPF45 / PA++++,N/A,"57,000",5%,5,10,N/A,,,N/A
뷰티,메이크업,페이스 메이크업,메이크업 베이스,https://image.sivillage.com/upload/C00001/s3/goods/org/179/240901030131179.jpg?RS=450&SP=1&QT=20,CLE DE PEAU BEAUTE,[끌레드뽀보떼] 코렉팅 크림 베일,N/A,"84,550",5%,5,1,N/A,,,N/A
뷰티,메이크업,페이스 메이크업,메이크업 베이스,https://image.sivillage.com/upload/C00001/s3/goods/org/993/240828029557993.jpg?RS=450&SP=1&QT=20,BENEFIT,[베네피트] 더 포어페셔널 매트 프라이머,N/A,"43,200",10%,5,1,N/A,,,N/A
뷰티,메이크업,페이스 메이크업,메이크업 베이스,https://image.sivillage.com/upload/C00001/s3/goods/org/662/240814027659662.jpg?RS=450&SP=1&QT=20,HERA,헤라 에어리 파우더 프라이머 8.5G,N/A,"51,000",15%,5,15,N/A,,,세일
뷰티,메이크업,페이스 메이크업,메이크업 베이스,https://image.sivillage.com/upload/C00001/s3/goods/org/711/240831030122711.jpg?RS=450&SP=1&QT=20,ERBORIAN,[에르보리앙] CC 레드 코렉트 45ml,45ml,"37,800",10%,5,1,N/A,,,N/A
뷰티,메이크업,페이스 메이크업,메이크업 베이스,https://image.sivillage.com/upload/C00001/s3/goods/org/331/240808026592331.jpg?RS=450&SP=1&QT=20,BOBBI BROWN,[바비브라운] 바비 브라운 인텐시브 세럼 레디언스 프라이머 SPF25 PA++,N/A,"69,700",15%,5,2,N/A,,,N/A
뷰티,메이크업,페이스 메이크업,메이크업 베이스,https://image.sivillage.com/upload/C00001/s3/goods/org/472/240831030127472.jpg?RS=450&SP=1&QT=20,BENEFIT,[베네피트] [정품증정] 엑스트라 포어페셔널 (더 포어페셔널 FULL+MINI),N/A,"40,800",15%,5,1,N/A,,,N/A
뷰티,메이크업,페이스 메이크업,메이크업 베이스,https://image.sivillage.com/upload/C00001/s3/goods/org/183/240827029308183.jpg?RS=450&SP=1&QT=20,NARS,[나스] 나스 라이트 리플렉팅 메이크업 세팅 미스트,N/A,"48,600",10%,N/A,N/A,N/A,,,N/A
뷰티,메이크업,페이스 메이크업,메이크업 베이스,https://image.sivillage.com/upload/C00001/s3/goods/org/914/240831030114914.jpg?RS=450&SP=1&QT=20,ERBORIAN,[에르보리앙] CC 레드 코렉트 15ml,15ml,"18,000",10%,5,4,N/A,,,N/A
뷰티,메이크업,페이스 메이크업,메이크업 베이스,https://image.sivillage.com/upload/C00001/s3/goods/org/627/240522017931627.png?RS=450&SP=1&QT=20,ODEAR,오데어 쓰리디 톤업 쿠션(리필형) 15g X 3EA,N/A,"48,600",10%,5,3,N/A,,,N/A
뷰티,메이크업,페이스 메이크업,메이크업 베이스,https://image.sivillage.com/upload/C00001/s3/goods/org/454/240712024449454.jpg?RS=450&SP=1&QT=20,DINTO,[딘토] 운초 블러피니쉬 폼프라이머,N/A,N/A,N/A,N/A,N/A,N/A,,,N/A
뷰티,메이크업,페이스 메이크업,메이크업 베이스,https://image.sivillage.com/upload/C00001/s3/goods/org/559/240328012294559.jpg?RS=450&SP=1&QT=20,ANNA SUI,안나수이 UV 베이스 SPF50+ PA++++,N/A,"43,200",10%,5,1,N/A,,,N/A
뷰티,메이크업,페이스 메이크업,메이크업 베이스,https://image.sivillage.com/upload/C00001/s3/goods/org/988/240821028404988.jpg?RS=450&SP=1,OFRA,[오프라] 쿨 애즈 어 큐컴버 프라이머,N/A,"27,900",10%,N/A,N/A,N/A,,,N/A
뷰티,메이크업,페이스 메이크업,메이크업 베이스,https://image.sivillage.com/upload/C00001/s3/goods/org/105/240422014528105.jpg?RS=450&SP=1,PAUL&JOE,폴앤조 일루미네이팅 파운데이션 프라이머 SPF20 PA++,N/A,"45,000",10%,N/A,N/A,N/A,,,N/A
뷰티,메이크업,페이스 메이크업,메이크업 베이스,https://image.sivillage.com/upload/C00001/s3/goods/org/404/240328012296404.jpg?RS=450&SP=1,ANNA SUI,안나수이 UV 비비 크림 SPF50+ PA++++,N/A,"43,200",10%,N/A,N/A,N/A,,,N/A
뷰티,메이크업,페이스 메이크업,메이크업 베이스,https://image.sivillage.com/upload/C00001/s3/goods/org/564/240424014636564.jpg?RS=450&SP=1,2aN,실키 베일 프라이머,N/A,N/A,N/A,N/A,N/A,N/A,,,N/A
뷰티,메이크업,페이스 메이크업,메이크업 베이스,https://image.sivillage.com/upload/C00001/s3/goods/org/495/240830029944495.jpg?RS=450&SP=1,MAKE UP FOR EVER,[메이크업포에버] [NEW] STEP 1 UV 프로텍터 30ml,30ml,"52,700",15%,3,1,N/A,,,N/A
뷰티,메이크업,페이스 메이크업,메이크업 베이스,https://image.sivillage.com/upload/C00001/s3/goods/org/472/240827029426472.jpg?RS=450&SP=1,MADPEACH,[매드피치] 스타일핏 수분 톤업 에센스,N/A,N/A,N/A,N/A,N/A,N/A,,,N/A
뷰티,메이크업,페이스 메이크업,메이크업 베이스,https://image.sivillage.com/upload/C00001/s3/goods/org/045/240821028405045.jpg?RS=450&SP=1&QT=20,OFRA,[오프라] 로데오 드라이브 프라이머,N/A,"27,900",10%,N/A,N/A,N/A,,,N/A
뷰티,메이크업,페이스 메이크업,메이크업 베이스,https://image.sivillage.com/upload/C00001/s3/goods/org/899/240522017930899.png?RS=450&SP=1&QT=20,ODEAR,오데어 쓰리디 톤업 쿠션(리필형) 15g,N/A,"16,200",10%,4.6,5,N/A,,,N/A
뷰티,메이크업,페이스 메이크업,메이크업 베이스,https://image.sivillage.com/upload/C00001/goods/org/341/230317004504341.jpg?RS=450&SP=1&QT=20,ODEAR,오데어 쓰리디 톤업 쿠션 15gX1EA,N/A,"40,500",10%,5,2,N/A,,,N/A
뷰티,메이크업,페이스 메이크업,메이크업 베이스,https://image.sivillage.com/upload/C00001/s3/goods/org/962/240828029558962.jpg?RS=450&SP=1&QT=20,THE ORDINARY,[디오디너리] 하이-어드히런스 실리콘 프라이머 30ml,30ml,N/A,N/A,N/A,N/A,N/A,,,N/A
뷰티,메이크업,페이스 메이크업,메이크업 베이스,https://image.sivillage.com/upload/C00001/s3/goods/org/884/240821028404884.jpg?RS=450&SP=1&QT=20,OFRA,[오프라] 미니 메이크업 픽서,N/A,"13,500",10%,5,1,N/A,,,N/A
뷰티,메이크업,페이스 메이크업,메이크업 베이스,https://image.sivillage.com/upload/C00001/goods/org/978/230504004963978.png?RS=450&SP=1&QT=20,GRAFEN,핸섬 커버 스틱,N/A,"16,900",5%,N/A,N/A,N/A,,,N/A
뷰티,메이크업,페이스 메이크업,메이크업 베이스,https://image.sivillage.com/upload/C00001/s3/goods/org/877/240814027542877.jpg?RS=450&SP=1&QT=20,MAC,[맥] 프렙+프라임 픽스 플러스 100ml,100ml,N/A,N/A,4,1,N/A,,,N/A
뷰티,메이크업,페이스 메이크업,메이크업 베이스,https://image.sivillage.com/upload/C00001/s3/goods/org/872/240828029556872.jpg?RS=450&SP=1&QT=20,DINTO,[딘토] 운초 라스트 메이크업 픽서 매트,N/A,N/A,N/A,N/A,N/A,N/A,,,N/A
뷰티,메이크업,페이스 메이크업,메이크업 베이스,https://image.sivillage.com/upload/C00001/s3/goods/org/571/240422014526571.jpg?RS=450&SP=1&QT=20,PAUL&JOE,폴앤조 프로텍팅 파운데이션 프라이머 SPF50+ PA++++,N/A,"40,500",10%,N/A,N/A,N/A,,,N/A
뷰티,메이크업,페이스 메이크업,메이크업 베이스,https://image.sivillage.com/upload/C00001/s3/goods/org/568/240422014526568.jpg?RS=450&SP=1&QT=20,PAUL&JOE,폴앤조 모이스춰라이징 파운데이션 프라이머 SPF15 PA+,N/A,"40,500",10%,5,1,N/A,,,N/A
뷰티,메이크업,페이스 메이크업,메이크업 베이스,https://image.sivillage.com/upload/C00001/s3/goods/org/775/240328012298775.jpg?RS=450&SP=1&QT=20,ANNA SUI,안나수이 젤 파운데이션 프라이머 SPF24 PA++,N/A,"36,000",10%,N/A,N/A,N/A,,,N/A
뷰티,메이크업,페이스 메이크업,메이크업 베이스,https://image.sivillage.com/upload/C00001/s3/goods/org/475/240801025832475.jpg?RS=450&SP=1&QT=20,MADPEACH,[매드피치] 글로우필터 프라이머,N/A,N/A,N/A,N/A,N/A,N/A,,,N/A
뷰티,메이크업,페이스 메이크업,메이크업 베이스,https://image.sivillage.com/upload/C00001/s3/goods/org/069/240901030132069.jpg?RS=450&SP=1&QT=20,ERBORIAN,[에르보리앙] 핑크 프라이머 앤 케어 45ml,45ml,"32,000",20%,N/A,N/A,N/A,,,N/A
뷰티,메이크업,페이스 메이크업,메이크업 베이스,https://image.sivillage.com/upload/C00001/s3/goods/org/582/240830029990582.jpg?RS=450&SP=1&QT=20,MAKE UP FOR EVER,[메이크업포에버] STEP 1 프라이머,N/A,"51,000",15%,4.8,6,N/A,,,N/A
뷰티,메이크업,페이스 메이크업,메이크업 베이스,https://image.sivillage.com/upload/C00001/s3/goods/org/871/240828029616871.jpg?RS=450&SP=1&QT=20,NARS,[나스] 소프트 매트 프라이머,N/A,"49,500",10%,N/A,N/A,N/A,,,N/A
뷰티,메이크업,페이스 메이크업,메이크업 베이스,https://image.sivillage.com/upload/C00001/s3/goods/org/030/240827029416030.jpg?RS=450&SP=1&QT=20,KLAIRS,[클레어스] 일루미네이팅 서플 블레미쉬 크림,N/A,"20,700",10%,5,1,N/A,,,N/A
뷰티,메이크업,페이스 메이크업,메이크업 베이스,https://image.sivillage.com/upload/C00001/s3/goods/org/057/240821028405057.jpg?RS=450&SP=1&QT=20,OFRA,[오프라] 실리콘 프라이머 젤,N/A,"27,900",10%,N/A,N/A,N/A,,,N/A
뷰티,메이크업,페이스 메이크업,메이크업 베이스,https://image.sivillage.com/upload/C00001/s3/goods/org/913/240821028404913.jpg?RS=450&SP=1&QT=20,OFRA,[오프라] 앱솔루트 커버 페이스 프라이머,N/A,"34,200",10%,N/A,N/A,N/A,,,N/A
뷰티,메이크업,페이스 메이크업,메이크업 베이스,https://image.sivillage.com/upload/C00001/s3/goods/org/727/240901030132727.jpg?RS=450&SP=1&QT=20,JUNG SAEM MOOL,[정샘물] 스킨 세팅 톤 밸런싱 베이스 40ml,40ml,"29,700",10%,N/A,N/A,N/A,,,N/A
뷰티,메이크업,페이스 메이크업,메이크업 베이스,https://image.sivillage.com/upload/C00001/s3/goods/org/555/240827029313555.jpg?RS=450&SP=1&QT=20,JUNG SAEM MOOL,[정샘물] 스킨 세팅 톤 코렉팅 베이스 40ml,40ml,"28,050",15%,4,2,N/A,,,N/A
뷰티,메이크업,페이스 메이크업,메이크업 베이스,https://image.sivillage.com/upload/C00001/s3/goods/org/735/240901030132735.jpg?RS=450&SP=1&QT=20,JUNG SAEM MOOL,[정샘물] 스킨 세팅 워터 선 베이스 40ml,40ml,"29,700",10%,5,4,N/A,,,N/A
뷰티,메이크업,페이스 메이크업,메이크업 베이스,https://image.sivillage.com/upload/C00001/s3/goods/org/866/240831030129866.jpg?RS=450&SP=1&QT=20,URBAN DECAY,[어반디케이] 올나이터 세팅 픽서 118ml,118ml,"39,100",15%,5,11,N/A,,,N/A
뷰티,메이크업,페이스 메이크업,메이크업 베이스,https://image.sivillage.com/upload/C00001/s3/goods/org/199/240831030122199.jpg?RS=450&SP=1&QT=20,DEARDAHLIA,[디어달리아] 디어달리아 프라임 레이어 스킨 프렙,N/A,"28,000",20%,N/A,N/A,N/A,,,N/A
뷰티,메이크업,페이스 메이크업,메이크업 베이스,https://image.sivillage.com/upload/C00001/s3/goods/org/873/240901030130873.jpg?RS=450&SP=1&QT=20,BENEFIT,[베네피트] 더 포어페셔널 프라이머 미니,N/A,"19,550",15%,4.9,31,N/A,,,N/A
뷰티,메이크업,페이스 메이크업,메이크업 베이스,https://image.sivillage.com/upload/C00001/s3/goods/org/868/240831030119868.jpg?RS=450&SP=1&QT=20,MAKE UP FOR EVER,[메이크업포에버] 미스트 & 픽스 100ML,100ML,"39,100",15%,5,5,N/A,,,N/A
뷰티,메이크업,페이스 메이크업,메이크업 베이스,https://image.sivillage.com/upload/C00001/s3/goods/org/628/240831030118628.jpg?RS=450&SP=1&QT=20,URBAN DECAY,[어반디케이] 올나이터 엑스트라 글로우 세팅 픽서 118ml,118ml,"39,100",15%,5,2,N/A,,,N/A
뷰티,메이크업,페이스 메이크업,메이크업 베이스,https://image.sivillage.com/upload/C00001/s3/goods/org/081/240831030115081.jpg?RS=450&SP=1&QT=20,BENEFIT,[베네피트] NEW 더 포어페셔널 라이트 프라이머 미니,N/A,"19,550",15%,5,1,N/A,,,N/A
뷰티,메이크업,페이스 메이크업,메이크업 베이스,https://image.sivillage.com/upload/C00001/s3/goods/org/337/240829029785337.jpg?RS=450&SP=1&QT=20,BENEFIT,[베네피트] 더 포어페셔널 슈퍼 세터,N/A,"38,250",15%,N/A,N/A,N/A,,,N/A
뷰티,메이크업,페이스 메이크업,메이크업 베이스,https://image.sivillage.com/upload/C00001/s3/goods/org/347/240830029929347.jpg?RS=450&SP=1&QT=20,URBAN DECAY,[어반디케이] 올 나이터 롱 라스팅 메이크업 세팅 스프레이 비타민-C,N/A,"39,100",15%,5,2,N/A,,,N/A
뷰티,메이크업,페이스 메이크업,메이크업 베이스,https://image.sivillage.com/upload/C00001/s3/goods/org/611/240827029313611.jpg?RS=450&SP=1&QT=20,BENEFIT,[베네피트] 더 포어페셔널 슈퍼 세터 미니,N/A,"22,100",15%,5,1,N/A,,,N/A
뷰티,메이크업,페이스 메이크업,메이크업 베이스,https://image.sivillage.com/upload/C00001/s3/goods/org/153/240831030125153.jpg?RS=450&SP=1&QT=20,STILA,[스틸라] 원스텝 코렉트-키튼,N/A,"46,400",20%,N/A,N/A,N/A,,,N/A
뷰티,메이크업,페이스 메이크업,메이크업 베이스,https://image.sivillage.com/upload/C00001/s3/goods/org/019/240830029830019.jpg?RS=450&SP=1&QT=20,HINCE,[힌스] 힌스 세컨 스킨 하이드레이팅 프라이머,N/A,"20,800",20%,N/A,N/A,N/A,,,N/A
뷰티,메이크업,페이스 메이크업,메이크업 베이스,https://image.sivillage.com/upload/C00001/s3/goods/org/286/240830029983286.jpg?RS=450&SP=1&QT=20,DEARDAHLIA,[디어달리아] 디어달리아 프라임 레이어 프라이머,N/A,"25,600",20%,N/A,N/A,N/A,,,N/A
뷰티,메이크업,페이스 메이크업,메이크업 베이스,https://image.sivillage.com/upload/C00001/s3/goods/org/586/240831030008586.jpg?RS=450&SP=1&QT=20,MAKE UP FOR EVER,[메이크업포에버] [NEW] 미스트 & 픽스 미니 30ml,30ml,"21,250",15%,5,2,N/A,,,N/A
뷰티,메이크업,페이스 메이크업,메이크업 베이스,https://image.sivillage.com/upload/C00001/s3/goods/org/661/240821028555661.jpg?RS=450&SP=1&QT=20,STILA,[스틸라] 스테이 올 데이 블러링 세팅 스프레이,N/A,"28,800",20%,N/A,N/A,N/A,,,N/A
뷰티,메이크업,페이스 메이크업,메이크업 베이스,https://image.sivillage.com/upload/C00001/s3/goods/org/110/240812027285110.jpg?RS=450&SP=1&QT=20,HUXLEY,[헉슬리] 톤업 에센스 스테이 선 세이프 70ml (2종) 택1,70ml,"28,000",20%,5,1,N/A,,,N/A
뷰티,메이크업,페이스 메이크업,메이크업 베이스,https://image.sivillage.com/upload/C00001/s3/goods/org/514/240627022889514.jpg?RS=450&SP=1&QT=20,SIMIHAZE BEAUTY,시미헤이즈 뷰티 하이드라 멜트 듀이 스킨 밤,N/A,"32,300",15%,N/A,N/A,N/A,,,N/A
뷰티,메이크업,페이스 메이크업,메이크업 베이스,https://image.sivillage.com/upload/C00001/s3/goods/org/971/240901030130971.jpg?RS=450&SP=1&QT=20,URBAN DECAY,[어반디케이] 올 나이트 메이크업 세팅 픽서 울트라 매트 118ml,118ml,"39,100",15%,5,1,N/A,,,N/A
