top_category_name,middle_category_name,bottom_category_name,sub_category_name,image_src,brand,name,volume,price,discount_rate,rating,review_count,delivery_info,color_image_src,color_name,bedge
뷰티,메이크업,아이 메이크업,아이라이너,https://image.sivillage.com/upload/C00001/s3/goods/org/572/240809026862572.jpg?RS=450&SP=1,DOLCE & GABBANA BEAUTY,댓츠 마이 라인 아이라이너 07 FYI,N/A,"40,500",10%,5,1,N/A,"https://image.sivillage.com/upload/C00001/goods/color/color_040037_240809094312.jpg,https://image.sivillage.com/upload/C00001/goods/color/color_070291_240809094124.jpg,https://image.sivillage.com/upload/C00001/goods/color/color_010082_240809094148.jpg,https://image.sivillage.com/upload/C00001/goods/color/color_110059_240809094212.jpg,https://image.sivillage.com/upload/C00001/goods/color/color_100055_240809094235.jpg,https://image.sivillage.com/upload/C00001/goods/color/color_110058_240809094212.jpg,https://image.sivillage.com/upload/C00001/goods/color/color_120045_240809094257.jpg","07 FYI,03 XOXO,01 POV,02 LMK,04 IRL,05 GTG,06 BTW",N/A
뷰티,메이크업,아이 메이크업,아이라이너,https://image.sivillage.com/upload/C00001/goods/org/122/210514001229122.jpg?RS=450&SP=1,HOURGLASS,1.5MM 젤 라이너-3팩 (옵시디언),N/A,"72,000",10%,4.9,37,N/A,,,N/A
뷰티,메이크업,아이 메이크업,아이라이너,https://image.sivillage.com/upload/C00001/goods/org/943/230821006021943.jpg?RS=450&SP=1,VIDIVICI,퍼펙트 젤 펜슬 (02 브라운),N/A,"27,000",10%,4.9,196,N/A,"https://image.sivillage.com/upload/C00001/upload1/product/colorChip/15_03_%EB%8B%A4%ED%81%AC_%EB%B8%8C%EB%9D%BC%EC%9A%B4.png,https://image.sivillage.com/upload/C00001/upload1/product/colorChip/02_03_%EB%8B%A4%ED%81%AC_%EA%B7%B8%EB%A0%88%EC%9D%B4.png,https://image.sivillage.com/upload/C00001/upload1/product/colorChip/03_01_%EB%B8%94%EB%9E%99.png","다크 브라운,다크 그레이,블랙",N/A
뷰티,메이크업,아이 메이크업,아이라이너,https://image.sivillage.com/upload/C00001/goods/org/109/210514001229109.jpg?RS=450&SP=1,HOURGLASS,1.5MM 메커니컬 젤 아이라이너-브론즈,N/A,"27,000",10%,4.8,460,N/A,"https://image.sivillage.com/upload/C00001/goods/color/0000398.jpg,https://image.sivillage.com/upload/C00001/goods/color/0000397.jpg,https://image.sivillage.com/upload/C00001/goods/color/0000395.jpg,https://image.sivillage.com/upload/C00001/goods/color/0000396.jpg","브론즈,오션,캐니언,옵시디언",N/A
뷰티,메이크업,아이 메이크업,아이라이너,https://image.sivillage.com/upload/C00001/s3/goods/org/276/240724025244276.jpg?RS=450&SP=1&QT=20,LAURA MERCIER,롱웨어 크림 아이 펜슬 (바이올렛),N/A,"40,500",10%,N/A,N/A,N/A,,,N/A
뷰티,메이크업,아이 메이크업,아이라이너,https://image.sivillage.com/upload/C00001/goods/org/279/210517001232279.jpg?RS=450&SP=1&QT=20,HOURGLASS,언리얼 하이 샤인 볼류마이징 립 글로스 (트루스),N/A,"41,400",10%,4.7,46,N/A,,,N/A
뷰티,메이크업,아이 메이크업,아이라이너,https://image.sivillage.com/upload/C00001/goods/org/564/220622002676564.jpg?RS=450&SP=1&QT=20,HOURGLASS,보이어 워터프루프 젤 아이라이너 - 케이브,N/A,"38,700",10%,4.8,73,N/A,"https://image.sivillage.com/upload/C00001/goods/color/color_050096_220512095711.jpg,https://image.sivillage.com/upload/C00001/goods/color/color_050097_220512095741.jpg,https://image.sivillage.com/upload/C00001/goods/color/color_100044_220512095855.jpg,https://image.sivillage.com/upload/C00001/goods/color/0000396.jpg,https://image.sivillage.com/upload/C00001/goods/color/color_050098_220512095814.jpg","케이브,체스트넛,포레스트,옵시디언,솔스티스",N/A
뷰티,메이크업,아이 메이크업,아이라이너,https://image.sivillage.com/upload/C00001/goods/org/117/230829006082117.jpg?RS=450&SP=1&QT=20,LAURA MERCIER,캐비어 스틱 아이라이너 01 턱시도,N/A,"38,250",15%,5,10,N/A,"https://image.sivillage.com/upload/C00001/goods/color/color_040027_230829140609.jpg,https://image.sivillage.com/upload/C00001/goods/color/color_050135_230829140516.jpg,https://image.sivillage.com/upload/C00001/goods/color/color_050134_230829140516.jpg,https://image.sivillage.com/upload/C00001/goods/color/color_050133_230829140516.jpg,https://image.sivillage.com/upload/C00001/goods/color/color_040028_230829140610.jpg,https://image.sivillage.com/upload/C00001/goods/color/color_110049_230829140534.jpg,https://image.sivillage.com/upload/C00001/goods/color/color_050132_230829140516.jpg","01 턱시도,02 에스프레소,03 브론즈,04 코코아,06 스모크,07 블루마린,10 다크플럼",N/A
뷰티,메이크업,아이 메이크업,아이라이너,https://image.sivillage.com/upload/C00001/s3/goods/org/451/240828029551451.jpg?RS=450&SP=1&QT=20,BOBBI BROWN,[바비브라운] 롱웨어 워터 프루프 라이너,N/A,"55,250",15%,4.6,5,N/A,,,N/A
뷰티,메이크업,아이 메이크업,아이라이너,https://image.sivillage.com/upload/C00001/s3/goods/org/180/240831030122180.jpg?RS=450&SP=1&QT=20,STILA,[스틸라] 스테이 올데이 라이너 다크브라운 1+1,N/A,"25,200",10%,5,1,N/A,,,N/A
뷰티,메이크업,아이 메이크업,아이라이너,https://image.sivillage.com/upload/C00001/s3/goods/org/877/240828029558877.jpg?RS=450&SP=1&QT=20,KISSME,[키스미] 히로인메이크 스무스 리퀴드 라이너 슈퍼 킵,N/A,N/A,N/A,4.5,2,N/A,,,N/A
뷰티,메이크업,아이 메이크업,아이라이너,https://image.sivillage.com/upload/C00001/s3/goods/org/449/240826029181449.jpg?RS=450&SP=1&QT=20,BBIA,[삐아] 삐아 라스트 펜 아이라이너 기획 (블랙+브라운),N/A,N/A,N/A,4.7,4,N/A,,,N/A
뷰티,메이크업,아이 메이크업,아이라이너,https://image.sivillage.com/upload/C00001/s3/goods/org/941/240802025920941.jpg?RS=450&SP=1&QT=20,HEART PERCENT,[하트퍼센트] 도트 온 무드 젤 아이라이너 펜슬,N/A,"10,800",10%,5,1,N/A,,,N/A
뷰티,메이크업,아이 메이크업,아이라이너,https://image.sivillage.com/upload/C00001/s3/goods/org/138/240826029264138.jpg?RS=450&SP=1&QT=20,ANNA SUI,안나수이 퍼펙트 아이라이너,N/A,"36,900",10%,N/A,N/A,N/A,,,N/A
뷰티,메이크업,아이 메이크업,아이라이너,https://image.sivillage.com/upload/C00001/s3/goods/org/161/240710024361161.jpg?RS=450&SP=1&QT=20,ANNA SUI,안나수이 퍼펙트 아이라이너,N/A,"36,900",10%,N/A,N/A,N/A,,,N/A
뷰티,메이크업,아이 메이크업,아이라이너,https://image.sivillage.com/upload/C00001/s3/goods/org/717/240806026290717.jpg?RS=450&SP=1&QT=20,DASIQUE,[데이지크] 리퀴드 펜 아이라이너,N/A,N/A,N/A,N/A,N/A,N/A,,,N/A
뷰티,메이크업,아이 메이크업,아이라이너,https://image.sivillage.com/upload/C00001/s3/goods/org/339/240801025838339.jpg?RS=450&SP=1&QT=20,KISSME,[키스미] 키스미 히로인메이크 롱 스테이 스무스 젤 펜슬 라이너,N/A,N/A,N/A,5,2,N/A,,,N/A
뷰티,메이크업,아이 메이크업,아이라이너,https://image.sivillage.com/upload/C00001/s3/goods/org/620/240806026439620.jpg?RS=450&SP=1&QT=20,KISSME,[키스미] 히로인메이크 스무스 리퀴드 라이너 P (블랙/브라운),N/A,N/A,N/A,5,2,N/A,,,N/A
뷰티,메이크업,아이 메이크업,아이라이너,https://image.sivillage.com/upload/C00001/s3/goods/org/196/240827029381196.jpg?RS=450&SP=1&QT=20,BBIA,[삐아] NEW 라스트 오토 젤 아이라이너 슬림,N/A,N/A,N/A,4.3,6,N/A,,,N/A
뷰티,메이크업,아이 메이크업,아이라이너,https://image.sivillage.com/upload/C00001/s3/goods/org/702/240824028948702.jpg?RS=450&SP=1&QT=20,BBIA,[삐아] 라스트 오토 젤 아이라이너,N/A,"8,100",10%,5,6,N/A,,,N/A
뷰티,메이크업,아이 메이크업,아이라이너,https://image.sivillage.com/upload/C00001/s3/goods/org/083/240729025615083.jpg?RS=450&SP=1&QT=20,BBIA,[삐아] 라스트 펜 아이라이너,N/A,N/A,N/A,N/A,N/A,N/A,,,N/A
뷰티,메이크업,아이 메이크업,아이라이너,https://image.sivillage.com/upload/C00001/s3/goods/org/752/240828029616752.jpg?RS=450&SP=1&QT=20,FIVEVIBE,[파이브바이브] 파이브바이브 소프트 하드 메이크업 펜슬,N/A,N/A,N/A,5,1,N/A,,,N/A
뷰티,메이크업,아이 메이크업,아이라이너,https://image.sivillage.com/upload/C00001/s3/goods/org/356/240830029944356.jpg?RS=450&SP=1&QT=20,NARS,[나스] 클라이맥스 리퀴드 아이라이너,N/A,"36,000",10%,N/A,N/A,N/A,,,N/A
뷰티,메이크업,아이 메이크업,아이라이너,https://image.sivillage.com/upload/C00001/s3/goods/org/062/240821028405062.jpg?RS=450&SP=1&QT=20,OFRA,[오프라] 베리파이드 리퀴드 아이라이너 - 블랙,N/A,"27,900",10%,N/A,N/A,N/A,,,N/A
뷰티,메이크업,아이 메이크업,아이라이너,https://image.sivillage.com/upload/C00001/s3/goods/org/810/240830029830810.jpg?RS=450&SP=1&QT=20,MAKE UP FOR EVER,[메이크업포에버] 아쿠아 레지스트 컬러 잉크,N/A,"34,000",15%,4.6,9,N/A,,,N/A
뷰티,메이크업,아이 메이크업,아이라이너,https://image.sivillage.com/upload/C00001/s3/goods/org/197/240830029958197.jpg?RS=450&SP=1&QT=20,STILA,[스틸라] 스테이 올데이 듀얼 앤디드 워터프루프 리퀴드 아이라이너,N/A,"27,200",20%,5,2,N/A,,,N/A
뷰티,메이크업,아이 메이크업,아이라이너,https://image.sivillage.com/upload/C00001/s3/goods/org/080/240831030122080.jpg?RS=450&SP=1&QT=20,STILA,[스틸라] 스테이 올 데이 워터프루프 리퀴드 아이라이너,N/A,"22,400",20%,N/A,N/A,N/A,,,N/A
뷰티,메이크업,아이 메이크업,아이라이너,https://image.sivillage.com/upload/C00001/s3/goods/org/971/240718024843971.jpg?RS=450&SP=1&QT=20,STILA,[스틸라] 스테이 올 데이 매트 리퀴드 아이라이너,N/A,"22,400",20%,N/A,N/A,N/A,,,N/A
뷰티,메이크업,아이 메이크업,아이라이너,https://image.sivillage.com/upload/C00001/s3/goods/org/475/240825029169475.jpg?RS=450&SP=1&QT=20,3CE,[3CE] 소프트 뮤트 펜슬 라이너,N/A,"11,200",20%,5,2,N/A,,,N/A
뷰티,메이크업,아이 메이크업,아이라이너,https://image.sivillage.com/upload/C00001/s3/goods/org/299/240827029399299.jpg?RS=450&SP=1&QT=20,BENEFIT,[베네피트] 데아 리얼! 엑스트림 프리시전 라이너,N/A,"31,450",15%,5,8,N/A,,,N/A
뷰티,메이크업,아이 메이크업,아이라이너,https://image.sivillage.com/upload/C00001/s3/goods/org/942/240809026877942.jpg?RS=450&SP=1&QT=20,DEARDAHLIA,[디어달리아] 퍼펙트 디자이닝 아이라이너 워터프루프 펜슬,N/A,"18,400",20%,N/A,N/A,N/A,,,N/A
뷰티,메이크업,아이 메이크업,아이라이너,https://image.sivillage.com/upload/C00001/s3/goods/org/218/240825029170218.jpg?RS=450&SP=1&QT=20,BBIA,[삐아] 라스트 글리터 하이라이너(AD),N/A,"8,800",20%,5,1,N/A,,,N/A
뷰티,메이크업,아이 메이크업,아이라이너,https://image.sivillage.com/upload/C00001/s3/goods/org/521/240830029990521.jpg?RS=450&SP=1&QT=20,MAKE UP FOR EVER,[메이크업포에버] 아쿠아 레지스트 컬러 펜슬,N/A,"33,150",15%,5,5,N/A,,,N/A
뷰티,메이크업,아이 메이크업,아이라이너,https://image.sivillage.com/upload/C00001/s3/goods/org/596/240828029584596.jpg?RS=450&SP=1&QT=20,DINTO,[딘토] 크림 아이 펜슬 7종,N/A,"12,800",20%,5,2,N/A,,,N/A
뷰티,메이크업,아이 메이크업,아이라이너,https://image.sivillage.com/upload/C00001/s3/goods/org/285/240701023171285.jpg?RS=450&SP=1&QT=20,KISSME,[키스미] 키스미 히로인메이크 듀얼 펜슬 라이너,N/A,"9,600",20%,5,3,N/A,,,N/A
뷰티,메이크업,아이 메이크업,아이라이너,https://image.sivillage.com/upload/C00001/s3/goods/org/975/240823028787975.jpg?RS=450&SP=1&QT=20,BBIA,[삐아] (NEW) 라스트 펜 아이라이너 슬림,N/A,"8,800",20%,N/A,N/A,N/A,,,N/A
뷰티,메이크업,아이 메이크업,아이라이너,https://image.sivillage.com/upload/C00001/s3/goods/org/863/240817027969863.jpg?RS=450&SP=1&QT=20,STILA,[스틸라] 스틸라 스테이 올데이 아티스틱 그래픽 라이너,N/A,"22,400",20%,N/A,N/A,N/A,,,N/A
뷰티,메이크업,아이 메이크업,아이라이너,https://image.sivillage.com/upload/C00001/s3/goods/org/822/240823028892822.jpg?RS=450&SP=1&QT=20,espoir,[에스쁘아] 에스쁘아 노머징브러쉬라이너 1호 인텐스블랙 AD2,N/A,"14,450",15%,N/A,N/A,N/A,,,N/A
뷰티,메이크업,아이 메이크업,아이라이너,https://image.sivillage.com/upload/C00001/s3/goods/org/589/240824029056589.jpg?RS=450&SP=1&QT=20,espoir,[에스쁘아] 브론즈페인팅 워터프루프 아이펜슬,N/A,"13,860",23%,N/A,N/A,N/A,,,N/A
뷰티,메이크업,아이 메이크업,아이라이너,https://image.sivillage.com/upload/C00001/s3/goods/org/431/240827029433431.jpg?RS=450&SP=1&QT=20,KISSME,[키스미] 히로인메이크 롱 스테이 샤프 젤 라이너,N/A,"10,500",30%,3.8,5,N/A,,,N/A
뷰티,메이크업,아이 메이크업,아이라이너,https://image.sivillage.com/upload/C00001/s3/goods/org/057/240901030132057.jpg?RS=450&SP=1,MUDE,[뮤드] 리파인드 미 펜슬 라이너,N/A,"7,800",40%,N/A,N/A,N/A,,,N/A
뷰티,메이크업,아이 메이크업,아이라이너,https://image.sivillage.com/upload/C00001/s3/goods/org/257/240821028403257.jpg?RS=450&SP=1,ROM&ND,[롬앤] 트윙클 펜 라이너,N/A,"9,100",30%,N/A,N/A,N/A,,,N/A
뷰티,메이크업,아이 메이크업,아이라이너,https://image.sivillage.com/upload/C00001/s3/goods/org/955/240901030130955.jpg?RS=450&SP=1,KISSME,[키스미] 히로인메이크 스무스 리퀴드 아이라이너 N,N/A,N/A,N/A,5,2,N/A,,,N/A
