top_category_name,middle_category_name,bottom_category_name,sub_category_name,image_src,brand,name,volume,price,discount_rate,rating,review_count,delivery_info,color_image_src,color_name,bedge
뷰티,메이크업,페이스 메이크업,컨실러,https://image.sivillage.com/upload/C00001/goods/org/162/230102003758162.jpg?RS=450&SP=1,LAURA MERCIER,시크릿 카뮤플라지 (2호),N/A,"54,900",10%,5,24,N/A,"https://image.sivillage.com/upload/C00001/goods/color/color_020271_221228233923.jpg,https://image.sivillage.com/upload/C00001/goods/color/color_020269_221228233923.jpg,https://image.sivillage.com/upload/C00001/goods/color/color_020270_221228233923.jpg","SC2,SC4,SC5",N/A
뷰티,메이크업,페이스 메이크업,컨실러,https://image.sivillage.com/upload/C00001/goods/org/242/230102003758242.jpg?RS=450&SP=1,LAURA MERCIER,시크릿 카뮤 플라지 브라이튼 & 코렉트 듀오 (1N),N/A,"53,100",10%,5,8,N/A,"https://image.sivillage.com/upload/C00001/goods/color/color_020246_221228235038.jpg,https://image.sivillage.com/upload/C00001/goods/color/color_020250_221228235038.jpg","1N,2W",N/A
뷰티,메이크업,페이스 메이크업,컨실러,https://image.sivillage.com/upload/C00001/goods/org/069/210517001232069.jpg?RS=450&SP=1,HOURGLASS,배니쉬 에어브러쉬 컨실러 (버치),N/A,"51,300",10%,4.8,112,N/A,"https://image.sivillage.com/upload/C00001/goods/color/0000511.jpg,https://image.sivillage.com/upload/C00001/goods/color/0000519.jpg,https://image.sivillage.com/upload/C00001/goods/color/0000562.jpg,https://image.sivillage.com/upload/C00001/goods/color/0000516.jpg,https://image.sivillage.com/upload/C00001/goods/color/0000561.jpg,https://image.sivillage.com/upload/C00001/goods/color/0000520.jpg,https://image.sivillage.com/upload/C00001/goods/color/0000563.jpg,https://image.sivillage.com/upload/C00001/goods/color/0000513.jpg,https://image.sivillage.com/upload/C00001/goods/color/0000517.jpg,https://image.sivillage.com/upload/C00001/goods/color/0000512.jpg,https://image.sivillage.com/upload/C00001/goods/color/0000515.jpg","버치,크렘,코튼,실크,오트,펄,파운,세피아,애프리콧,비치,시에나",N/A
뷰티,메이크업,페이스 메이크업,컨실러,https://image.sivillage.com/upload/C00001/goods/org/672/230103003761672.jpg?RS=450&SP=1,LAURA MERCIER,플로리스 퓨전 울트라 롱웨어 컨실러 (1.5C),N/A,"47,700",10%,5,8,N/A,,,N/A
뷰티,메이크업,페이스 메이크업,컨실러,https://image.sivillage.com/upload/C00001/goods/org/025/210517001232025.jpg?RS=450&SP=1&QT=20,HOURGLASS,배니쉬 에어브러쉬 컨실러 트래블-버치,N/A,"22,500",10%,4.8,70,N/A,"https://image.sivillage.com/upload/C00001/goods/color/0000511.jpg,https://image.sivillage.com/upload/C00001/goods/color/0000562.jpg,https://image.sivillage.com/upload/C00001/goods/color/0000514.jpg,https://image.sivillage.com/upload/C00001/goods/color/0000513.jpg,https://image.sivillage.com/upload/C00001/goods/color/0000519.jpg,https://image.sivillage.com/upload/C00001/goods/color/0000516.jpg,https://image.sivillage.com/upload/C00001/goods/color/0000563.jpg","버치,코튼,시더,세피아,크렘,실크,파운",N/A
뷰티,메이크업,페이스 메이크업,컨실러,https://image.sivillage.com/upload/C00001/s3/goods/org/251/240325011955251.jpg?RS=450&SP=1&QT=20,LAURA MERCIER,리얼 플로리스 웨이트리스 퍼펙팅 컨실러 0N1 5.4ml,5.4ml,"47,700",10%,5,5,N/A,"https://image.sivillage.com/upload/C00001/goods/color/color_020362_240325140638.jpg,https://image.sivillage.com/upload/C00001/goods/color/color_020361_240325140638.jpg,https://image.sivillage.com/upload/C00001/goods/color/color_020360_240325140638.jpg,https://image.sivillage.com/upload/C00001/goods/color/color_020359_240325140637.jpg,https://image.sivillage.com/upload/C00001/goods/color/color_020358_240325140637.jpg,https://image.sivillage.com/upload/C00001/goods/color/color_020357_240325140637.jpg,https://image.sivillage.com/upload/C00001/goods/color/color_020356_240325140637.jpg,https://image.sivillage.com/upload/C00001/goods/color/color_020355_240325140637.jpg,https://image.sivillage.com/upload/C00001/goods/color/color_020353_240325140637.jpg,https://image.sivillage.com/upload/C00001/goods/color/color_020352_240325140637.jpg,https://image.sivillage.com/upload/C00001/goods/color/color_020351_240325140637.jpg","0N1,0W1,1C1,1N0,1N1,2C1,2C2,2N1,3N1,3W1,3W2",N/A
뷰티,메이크업,페이스 메이크업,컨실러,https://image.sivillage.com/upload/C00001/goods/org/057/210517001232057.jpg?RS=450&SP=1&QT=20,HOURGLASS,배니쉬 에어브러쉬 컨실러 트래블-비치,N/A,"22,500",10%,4.5,5,N/A,,,N/A
뷰티,메이크업,페이스 메이크업,컨실러,https://image.sivillage.com/upload/C00001/s3/goods/org/194/240828029446194.jpg?RS=450&SP=1&QT=20,CLE DE PEAU BEAUTE,[끌레드뽀보떼] 컨실러 N,N/A,"72,000",10%,N/A,N/A,N/A,,,N/A
뷰티,메이크업,페이스 메이크업,컨실러,https://image.sivillage.com/upload/C00001/s3/goods/org/791/240831030129791.jpg?RS=450&SP=1&QT=20,NARS,[나스] 래디언트 크리미 컨실러,N/A,"40,500",10%,4.8,30,N/A,,,N/A
뷰티,메이크업,페이스 메이크업,컨실러,https://image.sivillage.com/upload/C00001/s3/goods/org/507/240901030133507.jpg?RS=450&SP=1&QT=20,MAC,[맥] 프로 롱웨어 컨실러,N/A,"47,500",5%,5,2,N/A,,,N/A
뷰티,메이크업,페이스 메이크업,컨실러,https://image.sivillage.com/upload/C00001/s3/goods/org/654/240831030113654.jpg?RS=450&SP=1&QT=20,NARS,[나스] 매트 컴플리트 컨실러 크렘뷜레,N/A,"38,700",10%,N/A,N/A,N/A,,,N/A
뷰티,메이크업,페이스 메이크업,컨실러,https://image.sivillage.com/upload/C00001/s3/goods/org/495/240801025856495.jpg?RS=450&SP=1&QT=20,GESGEP,[제스젭] 제스젭 멀티컨실러 5g,N/A,"18,000",10%,N/A,N/A,N/A,,,N/A
뷰티,메이크업,페이스 메이크업,컨실러,https://image.sivillage.com/upload/C00001/s3/goods/org/789/240826029303789.jpg?RS=450&SP=1&QT=20,3CE,[3CE] 3CE 스킨 핏 커버 리퀴드 컨실러,N/A,"15,300",10%,N/A,N/A,N/A,,,N/A
뷰티,메이크업,페이스 메이크업,컨실러,https://image.sivillage.com/upload/C00001/s3/goods/org/043/240703023377043.jpg?RS=450&SP=1&QT=20,THE SAEM,[더샘] 더샘 커버 퍼펙션 컨실러 펜슬,N/A,"6,650",5%,N/A,N/A,N/A,,,N/A
뷰티,메이크업,페이스 메이크업,컨실러,https://image.sivillage.com/upload/C00001/s3/goods/org/270/240830029983270.jpg?RS=450&SP=1&QT=20,THE SAEM,[더샘] 더샘 커버 퍼펙션 팁 컨실러,N/A,"4,950",10%,5,8,N/A,,,N/A
뷰티,메이크업,페이스 메이크업,컨실러,https://image.sivillage.com/upload/C00001/s3/goods/org/408/240901030132408.jpg?RS=450&SP=1&QT=20,THE SAEM,[더샘] 더샘 커버 퍼펙션 트리플 팟 컨실러,N/A,"11,400",5%,N/A,N/A,N/A,,,N/A
뷰티,메이크업,페이스 메이크업,컨실러,https://image.sivillage.com/upload/C00001/s3/goods/org/800/240822028586800.jpg?RS=450&SP=1&QT=20,THE SAEM,[더샘] 더샘 커버 퍼펙션 팟 컨실러,N/A,"6,750",10%,N/A,N/A,N/A,,,N/A
뷰티,메이크업,페이스 메이크업,컨실러,https://image.sivillage.com/upload/C00001/s3/goods/org/436/240808026594436.jpg?RS=450&SP=1&QT=20,THE SAEM,[더샘] 더샘 커버 퍼펙션 올프루프 팁 컨실러,N/A,N/A,N/A,4.7,4,N/A,,,N/A
뷰티,메이크업,페이스 메이크업,컨실러,https://image.sivillage.com/upload/C00001/s3/goods/org/789/240806026290789.jpg?RS=450&SP=1&QT=20,PARNELL,[파넬] 시카마누 스킨핏 커버 컨실러 23호,N/A,"11,400",5%,N/A,N/A,N/A,,,N/A
뷰티,메이크업,페이스 메이크업,컨실러,https://image.sivillage.com/upload/C00001/s3/goods/org/123/240808026700123.jpg?RS=450&SP=1&QT=20,PARNELL,[파넬] 시카마누 스킨핏 커버 컨실러 21호,N/A,"11,400",5%,5,1,N/A,,,N/A
뷰티,메이크업,페이스 메이크업,컨실러,https://image.sivillage.com/upload/C00001/s3/goods/org/556/240827029415556.jpg?RS=450&SP=1&QT=20,HINCE,[힌스] 세컨 스킨 커버 컨실러,N/A,"16,150",5%,5,1,N/A,,,N/A
뷰티,메이크업,페이스 메이크업,컨실러,https://image.sivillage.com/upload/C00001/s3/goods/org/524/240829029650524.jpg?RS=450&SP=1&QT=20,NARS,[나스] 소프트 매트 컴플리트 컨실러 바닐라,N/A,"38,700",10%,5,2,N/A,,,N/A
뷰티,메이크업,페이스 메이크업,컨실러,https://image.sivillage.com/upload/C00001/s3/goods/org/332/240808026594332.jpg?RS=450&SP=1&QT=20,BOBBI BROWN,[바비브라운] 바비브라운 스킨 풀 커버 컨실러,N/A,"45,900",15%,5,1,N/A,,,N/A
뷰티,메이크업,페이스 메이크업,컨실러,https://image.sivillage.com/upload/C00001/s3/goods/org/912/240831030119912.jpg?RS=450&SP=1&QT=20,MAKE UP FOR EVER,[메이크업포에버] ★시코르단독★ HD SKIN 컨실러 기획세트,N/A,"36,000",20%,5,3,N/A,,,N/A
뷰티,메이크업,페이스 메이크업,컨실러,https://image.sivillage.com/upload/C00001/goods/org/622/230901006120622.jpg?RS=450&SP=1&QT=20,HERA,헤라 크리미 커버 컨실러 7.5g,N/A,"38,250",15%,3,2,N/A,,,세일
뷰티,메이크업,페이스 메이크업,컨실러,https://image.sivillage.com/upload/C00001/s3/goods/org/566/240827029313566.jpg?RS=450&SP=1&QT=20,espoir,[에스쁘아] 테이핑 컨실러 롱웨어 AD,N/A,"20,000",20%,N/A,N/A,N/A,,,N/A
뷰티,메이크업,페이스 메이크업,컨실러,https://image.sivillage.com/upload/C00001/s3/goods/org/392/240901030133392.jpg?RS=450&SP=1&QT=20,JUNG SAEM MOOL,[정샘물] 스킨 누더 컨실러 SPF34/PA++,N/A,"27,000",10%,4.5,4,N/A,,,N/A
뷰티,메이크업,페이스 메이크업,컨실러,https://image.sivillage.com/upload/C00001/s3/goods/org/345/240825029170345.jpg?RS=450&SP=1&QT=20,BBIA,[삐아] 오 스테이 컨실러,N/A,"12,000",20%,5,2,N/A,,,N/A
뷰티,메이크업,페이스 메이크업,컨실러,https://image.sivillage.com/upload/C00001/s3/goods/org/788/240827029314788.jpg?RS=450&SP=1&QT=20,MAKE UP FOR EVER,[메이크업포에버] HD SKIN 컨실러,N/A,"38,250",15%,5,1,N/A,,,N/A
뷰티,메이크업,페이스 메이크업,컨실러,https://image.sivillage.com/upload/C00001/s3/goods/org/180/240830029971180.jpg?RS=450&SP=1&QT=20,BENEFIT,[베네피트] 보-잉 케이크리스 컨실러,N/A,"33,150",15%,5,1,N/A,,,N/A
뷰티,메이크업,페이스 메이크업,컨실러,https://image.sivillage.com/upload/C00001/s3/goods/org/314/240829029789314.jpg?RS=450&SP=1,JUNG SAEM MOOL,[정샘물] 정샘물 스킨 누더 쿠션 컨실러,N/A,"25,500",15%,5,2,N/A,,,N/A
뷰티,메이크업,페이스 메이크업,컨실러,https://image.sivillage.com/upload/C00001/s3/goods/org/265/240810026932265.jpg?RS=450&SP=1,JUNG SAEM MOOL,[정샘물] 아티스트 컨실러 팔레트,N/A,"34,000",15%,N/A,N/A,N/A,,,N/A
뷰티,메이크업,페이스 메이크업,컨실러,https://image.sivillage.com/upload/C00001/s3/goods/org/163/240901030132163.jpg?RS=450&SP=1,DINTO,[딘토] 운초 라이트베일 컬러코렉터 2종 + 컨실러 3종,N/A,"13,300",30%,N/A,N/A,N/A,,,N/A
뷰티,메이크업,페이스 메이크업,컨실러,https://image.sivillage.com/upload/C00001/s3/goods/org/629/240824029056629.jpg?RS=450&SP=1,KAHI,[가히] 가히 한겹 듀얼 컨실러,N/A,"15,000",40%,N/A,N/A,N/A,,,N/A
