top_category_name,middle_category_name,bottom_category_name,image_src,brand,name,volume,price,discount_rate,rating,review_count,delivery_info,color_image_src,color_name,bedge
뷰티,향수,헤어 퍼퓸,https://image.sivillage.com/upload/C00001/goods/org/728/230907006294728.jpg?RS=450&SP=1,BYREDO,로즈오브노맨즈랜드 헤어퍼퓸 75 ml,ml,"99,750",5%,4.9,299,N/A,,,N/A
뷰티,향수,헤어 퍼퓸,https://image.sivillage.com/upload/C00001/goods/org/919/230907006223919.jpg?RS=450&SP=1,BYREDO,블랑쉬 헤어퍼퓸 75ml,75ml,"99,750",5%,4.9,862,N/A,,,N/A
뷰티,향수,헤어 퍼퓸,https://image.sivillage.com/upload/C00001/goods/org/642/230602005348642.jpg?RS=450&SP=1,BYREDO,발다프리크 헤어퍼퓸 75ml,75ml,"99,750",5%,4.9,326,N/A,,,N/A
뷰티,향수,헤어 퍼퓸,https://image.sivillage.com/upload/C00001/goods/org/537/210506001216537.jpg?RS=450&SP=1,BYREDO,라 튤립 헤어퍼퓸 75ml,75ml,"99,750",5%,4.9,1049,N/A,,,N/A
뷰티,향수,헤어 퍼퓸,https://image.sivillage.com/upload/C00001/goods/org/459/220817002966459.jpg?RS=450&SP=1&QT=20,HERMÈS,트윌리 데르메스 헤어 미스트 50ml   ,50ml,N/A,N/A,5,7,N/A,,,N/A
뷰티,향수,헤어 퍼퓸,https://image.sivillage.com/upload/C00001/goods/org/531/210506001216531.jpg?RS=450&SP=1&QT=20,BYREDO,집시 워터 헤어퍼퓸 75ml,75ml,"99,750",5%,4.8,127,N/A,,,N/A
뷰티,향수,헤어 퍼퓸,https://image.sivillage.com/upload/C00001/goods/org/488/230907006226488.jpg?RS=450&SP=1&QT=20,BYREDO,모하비 고스트 헤어퍼퓸 75ml,75ml,"99,750",5%,4.8,323,N/A,,,N/A
뷰티,향수,헤어 퍼퓸,https://image.sivillage.com/upload/C00001/goods/org/971/230907006215971.jpg?RS=450&SP=1&QT=20,MEMO,헤어퍼퓸 인레,N/A,"84,550",5%,4.7,58,N/A,,,N/A
뷰티,향수,헤어 퍼퓸,https://image.sivillage.com/upload/C00001/goods/org/839/210504001213839.jpg?RS=450&SP=1&QT=20,MEMO,헤어퍼퓸 아이리시 레더,N/A,"84,550",5%,4.8,16,N/A,,,N/A
뷰티,향수,헤어 퍼퓸,https://image.sivillage.com/upload/C00001/goods/org/843/210504001213843.jpg?RS=450&SP=1&QT=20,MEMO,헤어퍼퓸 프렌치 레더,N/A,"84,550",5%,4.8,33,N/A,,,N/A
뷰티,향수,헤어 퍼퓸,https://image.sivillage.com/upload/C00001/goods/org/092/220609002626092.jpg?RS=450&SP=1&QT=20,HERMÈS,오 드 메르베이 헤어 미스트,N/A,N/A,N/A,5,7,N/A,,,N/A
뷰티,향수,헤어 퍼퓸,https://image.sivillage.com/upload/C00001/goods/org/767/221121003535767.jpg?RS=450&SP=1&QT=20,MEMO,헤어퍼퓸 마르파,N/A,"84,550",5%,4.9,14,N/A,,,N/A
뷰티,향수,헤어 퍼퓸,https://image.sivillage.com/upload/C00001/s3/goods/org/095/240828029578095.jpg?RS=450&SP=1&QT=20,LUSH,로드 오브 미스룰 200ml - 바디 스프레이,200ml,N/A,N/A,5,1,신규입고,,,N/A
뷰티,향수,헤어 퍼퓸,https://image.sivillage.com/upload/C00001/s3/goods/org/803/240403012829803.jpg?RS=450&SP=1&QT=20,LUSH,알리나 100ml - 퍼퓸/향수/마더스,100ml,N/A,N/A,N/A,N/A,N/A,,,N/A
뷰티,향수,헤어 퍼퓸,https://image.sivillage.com/upload/C00001/s3/goods/org/403/240612020940403.jpg?RS=450&SP=1&QT=20,LUSH,프레쉬 애즈 100ml - 퍼퓸/향수,100ml,N/A,N/A,N/A,N/A,N/A,,,N/A
뷰티,향수,헤어 퍼퓸,https://image.sivillage.com/upload/C00001/s3/goods/org/440/240510016345440.jpg?RS=450&SP=1&QT=20,TEA COLLECTIVE,티컬렉티브 아르테미스 오드퍼퓸 50ml,50ml,"113,050",5%,N/A,N/A,N/A,,,N/A
뷰티,향수,헤어 퍼퓸,https://image.sivillage.com/upload/C00001/s3/goods/org/441/240510016345441.jpg?RS=450&SP=1&QT=20,TEA COLLECTIVE,티컬렉티브 쏘일투쏘일 오드퍼퓸 50ml,50ml,"113,050",5%,N/A,N/A,N/A,,,N/A
뷰티,향수,헤어 퍼퓸,https://image.sivillage.com/upload/C00001/goods/org/136/230109003798136.jpg?RS=450&SP=1&QT=20,LUSH,러쉬 더티 보디 스프레이 200ml - 바디 스프레이,200ml,N/A,N/A,4.9,45,N/A,,,N/A
뷰티,향수,헤어 퍼퓸,https://image.sivillage.com/upload/C00001/s3/goods/org/956/240814027644956.jpg?RS=450&SP=1&QT=20,AVEDA,[아베다] 스칼프솔루션 리프레싱 프로텍티브 미스트 100ml,100ml,"61,200",10%,5,2,N/A,,,N/A
뷰티,향수,헤어 퍼퓸,https://image.sivillage.com/upload/C00001/goods/org/930/220506002458930.jpg?RS=450&SP=1&QT=20,LUSH,러쉬 팬지 퍼퓸&낫랩 - 기프트,N/A,N/A,N/A,N/A,N/A,N/A,,,N/A
뷰티,향수,헤어 퍼퓸,https://image.sivillage.com/upload/C00001/goods/org/934/220506002458934.jpg?RS=450&SP=1&QT=20,LUSH,러쉬 더티 퍼퓸&낫랩 - 기프트,N/A,N/A,N/A,N/A,N/A,N/A,,,N/A
뷰티,향수,헤어 퍼퓸,https://image.sivillage.com/upload/C00001/goods/org/942/220506002458942.jpg?RS=450&SP=1&QT=20,LUSH,러쉬 로즈 잼 - 기프트,N/A,N/A,N/A,N/A,N/A,N/A,,,N/A
뷰티,향수,헤어 퍼퓸,https://image.sivillage.com/upload/C00001/s3/goods/org/278/240108007972278.jpg?RS=450&SP=1&QT=20,LUSH,러쉬 뉴 로맨틱스 30ml - 퍼퓸/발렌타인,30ml,N/A,N/A,5,1,N/A,,,N/A
뷰티,향수,헤어 퍼퓸,https://image.sivillage.com/upload/C00001/goods/org/074/230331004618074.jpg?RS=450&SP=1&QT=20,LUSH,러쉬 제스티 200ml - 바디 스프레이,200ml,N/A,N/A,5,4,N/A,,,N/A
뷰티,향수,헤어 퍼퓸,https://image.sivillage.com/upload/C00001/goods/org/376/230126003942376.jpg?RS=450&SP=1&QT=20,LUSH,러쉬 렛 더 굿 타임즈 롤 200ml - 바디 스프레이,200ml,N/A,N/A,5,1,N/A,,,N/A
뷰티,향수,헤어 퍼퓸,https://image.sivillage.com/upload/C00001/s3/goods/org/441/240829029652441.jpg?RS=450&SP=1&QT=20,ACQUA DI PARMA,[아쿠아 디 파르마] 매그놀리아 인피니타 헤어 미스트 50ml,50ml,"85,500",10%,5,1,N/A,,,N/A
뷰티,향수,헤어 퍼퓸,https://image.sivillage.com/upload/C00001/s3/goods/org/040/240403012830040.jpg?RS=450&SP=1&QT=20,LUSH,알리나 30ml - 퍼퓸/향수/마더스,30ml,N/A,N/A,N/A,N/A,N/A,,,N/A
뷰티,향수,헤어 퍼퓸,https://image.sivillage.com/upload/C00001/goods/org/893/220506002458893.jpg?RS=450&SP=1&QT=20,LUSH,러쉬 쉐이드 30ml - 퍼퓸/향수,30ml,N/A,N/A,N/A,N/A,N/A,,,N/A
뷰티,향수,헤어 퍼퓸,https://image.sivillage.com/upload/C00001/goods/org/766/220923003175766.jpg?RS=450&SP=1&QT=20,LUSH,러쉬 트와일라잇 200ml - 바디 스프레이,200ml,N/A,N/A,5,15,N/A,,,N/A
뷰티,향수,헤어 퍼퓸,https://image.sivillage.com/upload/C00001/goods/org/056/230331004618056.jpg?RS=450&SP=1&QT=20,LUSH,러쉬 로즈 잼 200ml - 바디 스프레이,200ml,N/A,N/A,4.8,5,N/A,,,N/A
뷰티,향수,헤어 퍼퓸,https://image.sivillage.com/upload/C00001/goods/org/090/230331004618090.png?RS=450&SP=1&QT=20,LUSH,러쉬 플럼 레인 200ml - 바디 스프레이,200ml,N/A,N/A,N/A,N/A,N/A,,,N/A
뷰티,향수,헤어 퍼퓸,https://image.sivillage.com/upload/C00001/goods/org/849/220506002458849.jpg?RS=450&SP=1&QT=20,LUSH,러쉬 더 컴포터 200ml - 바디 스프레이,200ml,N/A,N/A,N/A,N/A,N/A,,,N/A
뷰티,향수,헤어 퍼퓸,https://image.sivillage.com/upload/C00001/s3/goods/org/503/240831029994503.jpg?RS=450&SP=1&QT=20,ACQUA DI PARMA,[아쿠아 디 파르마] 오스만투스 헤어 미스트 50ml,50ml,"85,500",10%,N/A,N/A,N/A,,,N/A
뷰티,향수,헤어 퍼퓸,https://image.sivillage.com/upload/C00001/goods/org/395/220504002450395.jpg?RS=450&SP=1&QT=20,LUSH,러쉬 수퍼 밀크 250g - 컨디셔닝 헤어 프라이머,N/A,N/A,N/A,5,5,N/A,,,N/A
뷰티,향수,헤어 퍼퓸,https://image.sivillage.com/upload/C00001/goods/org/171/221208003627171.jpg?RS=450&SP=1&QT=20,LUSH,러쉬 사쿠라 200ml - 바디 스프레이,200ml,N/A,N/A,5,2,N/A,,,N/A
뷰티,향수,헤어 퍼퓸,https://image.sivillage.com/upload/C00001/goods/org/080/230331004618080.jpg?RS=450&SP=1&QT=20,LUSH,러쉬 빅 200ml - 바디 스프레이,200ml,N/A,N/A,5,10,N/A,,,N/A
뷰티,향수,헤어 퍼퓸,https://image.sivillage.com/upload/C00001/goods/org/271/221208003627271.jpg?RS=450&SP=1&QT=20,LUSH,러쉬 섹스 밤 200ml - 바디 스프레이,200ml,N/A,N/A,5,8,N/A,,,N/A
뷰티,향수,헤어 퍼퓸,https://image.sivillage.com/upload/C00001/goods/org/242/230801005860242.jpg?RS=450&SP=1&QT=20,LUSH,러쉬 허니 아이 워시드 더 키즈 200ml - 바디 스프레이,200ml,N/A,N/A,5,1,N/A,,,N/A
뷰티,향수,헤어 퍼퓸,https://image.sivillage.com/upload/C00001/goods/org/051/230331004618051.jpg?RS=450&SP=1&QT=20,LUSH,러쉬 대드스 가든 레몬 트리 200ml - 바디 스프레이,200ml,N/A,N/A,5,8,N/A,,,N/A
뷰티,향수,헤어 퍼퓸,https://image.sivillage.com/upload/C00001/goods/org/193/230109003798193.jpg?RS=450&SP=1&QT=20,LUSH,러쉬 아보카도 코-워시 200ml - 바디 스프레이,200ml,N/A,N/A,N/A,N/A,N/A,,,N/A
뷰티,향수,헤어 퍼퓸,https://image.sivillage.com/upload/C00001/s3/goods/org/464/240612020934464.jpg?RS=450&SP=1&QT=20,LUSH,러쉬 더티 - 기프트,N/A,N/A,N/A,5,3,N/A,,,N/A
뷰티,향수,헤어 퍼퓸,https://image.sivillage.com/upload/C00001/goods/org/150/230821006024150.jpg?RS=450&SP=1&QT=20,LUSH,러쉬 솔티 200ml - 바디 스프레이,200ml,N/A,N/A,5,7,N/A,,,N/A
뷰티,향수,헤어 퍼퓸,https://image.sivillage.com/upload/C00001/s3/goods/org/745/240828029556745.jpg?RS=450&SP=1&QT=20,SW19,[SW19] SW19 3PM HAIR PARFUM MIST,N/A,N/A,N/A,N/A,N/A,N/A,,,N/A
뷰티,향수,헤어 퍼퓸,https://image.sivillage.com/upload/C00001/s3/goods/org/144/240821028514144.jpg?RS=450&SP=1&QT=20,ANILLO,[아닐로] 로지나잇 미스트 기획(+로지나잇 에센스10ml + 파우치),에센스10ml,N/A,N/A,N/A,N/A,N/A,,,N/A
뷰티,향수,헤어 퍼퓸,https://image.sivillage.com/upload/C00001/s3/goods/org/574/240624022482574.jpg?RS=450&SP=1&QT=20,DEEPERENCE,[딥퍼랑스] 바이탈 헤어 퍼퓸 미스트 30ml [프레쉬 모먼트],30ml,N/A,N/A,N/A,N/A,N/A,,,N/A
뷰티,향수,헤어 퍼퓸,https://image.sivillage.com/upload/C00001/goods/org/396/220504002450396.jpg?RS=450&SP=1&QT=20,LUSH,러쉬 수퍼 밀크 100g - 컨디셔닝 헤어 프라이머,N/A,N/A,N/A,5,38,N/A,,,N/A
뷰티,향수,헤어 퍼퓸,https://image.sivillage.com/upload/C00001/s3/goods/org/435/240822028742435.jpg?RS=450&SP=1&QT=20,DEEPERENCE,[딥퍼랑스] 리페어 헤어 퍼퓸 미스트 30ml [로지 로즈],30ml,N/A,N/A,N/A,N/A,N/A,,,N/A
뷰티,향수,헤어 퍼퓸,https://image.sivillage.com/upload/C00001/goods/org/871/220506002458871.jpg?RS=450&SP=1&QT=20,LUSH,러쉬 로즈 잼 6g - 솔리드 퍼퓸/고체 향수,N/A,N/A,N/A,5,5,N/A,,,N/A
뷰티,향수,헤어 퍼퓸,https://image.sivillage.com/upload/C00001/s3/goods/org/873/240824028943873.jpg?RS=450&SP=1&QT=20,LADOR,[아도르] 케라틴 헤어 미스트 130ml,130ml,"24,300",10%,N/A,N/A,N/A,,,N/A
뷰티,향수,헤어 퍼퓸,https://image.sivillage.com/upload/C00001/goods/org/883/220506002458883.jpg?RS=450&SP=1&QT=20,LUSH,러쉬 러스트 6g - 솔리드 퍼퓸/고체 향수,N/A,N/A,N/A,N/A,N/A,N/A,,,N/A
뷰티,향수,헤어 퍼퓸,https://image.sivillage.com/upload/C00001/goods/org/873/220506002458873.jpg?RS=450&SP=1&QT=20,LUSH,러쉬 로드 오브 미스룰 6g - 솔리드 퍼퓸/고체 향수,N/A,N/A,N/A,5,2,N/A,,,N/A
뷰티,향수,헤어 퍼퓸,https://image.sivillage.com/upload/C00001/goods/org/885/220506002458885.jpg?RS=450&SP=1&QT=20,LUSH,러쉬 카마 6g - 솔리드 퍼퓸/고체 향수,N/A,N/A,N/A,5,7,N/A,,,N/A
뷰티,향수,헤어 퍼퓸,https://image.sivillage.com/upload/C00001/goods/org/887/220506002458887.jpg?RS=450&SP=1&QT=20,LUSH,러쉬 더티 6g - 솔리드 퍼퓸/고체 향수,N/A,N/A,N/A,4.9,15,N/A,,,N/A
뷰티,향수,헤어 퍼퓸,https://image.sivillage.com/upload/C00001/goods/org/881/220506002458881.jpg?RS=450&SP=1&QT=20,LUSH,러쉬 바닐라리 6g - 솔리드 퍼퓸/고체 향수,N/A,N/A,N/A,5,3,N/A,,,N/A
뷰티,향수,헤어 퍼퓸,https://image.sivillage.com/upload/C00001/s3/goods/org/604/240826029173604.jpg?RS=450&SP=1&QT=20,UPPERCUT DELUXE,[어퍼컷디럭스] 솔트스프레이 150ml,150ml,N/A,N/A,N/A,N/A,N/A,,,N/A
뷰티,향수,헤어 퍼퓸,https://image.sivillage.com/upload/C00001/s3/goods/org/333/240819028263333.jpg?RS=450&SP=1&QT=20,ANILLO,[아닐로] 로지나잇 퍼퓸 헤어 미스트(100ml),미스트(100ml),N/A,N/A,N/A,N/A,N/A,,,N/A
뷰티,향수,헤어 퍼퓸,https://image.sivillage.com/upload/C00001/goods/org/688/231115007053688.jpg?RS=450&SP=1,BALMAIN HAIR,발망헤어 실크 퍼퓸 50ml,50ml,"30,400",5%,5,3,N/A,,,N/A
뷰티,향수,헤어 퍼퓸,https://image.sivillage.com/upload/C00001/goods/org/877/220506002458877.jpg?RS=450&SP=1,LUSH,러쉬 아메리칸 크림 6g - 솔리드 퍼퓸/고체 향수,N/A,N/A,N/A,5,1,N/A,,,N/A
뷰티,향수,헤어 퍼퓸,https://image.sivillage.com/upload/C00001/s3/goods/org/118/240403012830118.jpg?RS=450&SP=1,LUSH,알리나 6G - 솔리드 퍼퓸/고체 향수/마더스,N/A,N/A,N/A,5,1,N/A,,,N/A
뷰티,향수,헤어 퍼퓸,https://image.sivillage.com/upload/C00001/s3/goods/org/387/240801025840387.jpg?RS=450&SP=1,HUXLEY,[헉슬리] 퍼퓸 헤어 미스트 100g (3종) 택 1,N/A,"30,600",15%,5,1,N/A,,,N/A
뷰티,향수,헤어 퍼퓸,https://image.sivillage.com/upload/C00001/s3/goods/org/864/240830029936864.jpg?RS=450&SP=1,LADOR,[아도르] 더말 프로텍션 스프레이 100ml,100ml,"9,100",30%,N/A,N/A,N/A,,,N/A
