top_category_name,middle_category_name,bottom_category_name,sub_category_name,image_src,brand,name,volume,price,discount_rate,rating,review_count,delivery_info,color_image_src,color_name,bedge
뷰티,메이크업,치크/하이라이터/쉐이딩,블러쉬,https://image.sivillage.com/upload/C00001/goods/org/649/231109006991649.jpg?RS=450&SP=1,HOURGLASS,앰비언트 라이팅 블러쉬 - 이트리얼 글로우,N/A,"61,200",10%,4.9,538,N/A,"https://image.sivillage.com/upload/C00001/goods/color/0000479.jpg,https://image.sivillage.com/upload/C00001/goods/color/0000478.jpg,https://image.sivillage.com/upload/C00001/goods/color/0000475.jpg,https://image.sivillage.com/upload/C00001/goods/color/0000474.jpg,https://image.sivillage.com/upload/C00001/goods/color/0000477.jpg","이트리얼 글로우,무드 익스포저,딤인퓨전,디퓨즈드 히트,루미너스 플러쉬",N/A
뷰티,메이크업,치크/하이라이터/쉐이딩,블러쉬,https://image.sivillage.com/upload/C00001/s3/goods/org/358/240828029544358.jpg?RS=450&SP=1,HERMÈS,로즈 에르메스 실키 블러쉬 파우더 47 로즈 암브레,N/A,N/A,N/A,5,2,N/A,,,N/A
뷰티,메이크업,치크/하이라이터/쉐이딩,블러쉬,https://image.sivillage.com/upload/C00001/s3/goods/org/359/240828029544359.jpg?RS=450&SP=1,HERMÈS,로즈 에르메스 실키 블러쉬 파우더 35 로즈 도레,N/A,N/A,N/A,5,3,N/A,,,N/A
뷰티,메이크업,치크/하이라이터/쉐이딩,블러쉬,https://image.sivillage.com/upload/C00001/s3/goods/org/360/240828029544360.jpg?RS=450&SP=1,HERMÈS,로즈 에르메스 실키 블러쉬 파우더 58 로즈 뀌브레,N/A,N/A,N/A,N/A,N/A,N/A,,,N/A
뷰티,메이크업,치크/하이라이터/쉐이딩,블러쉬,https://image.sivillage.com/upload/C00001/s3/goods/org/493/240502015353493.jpg?RS=450&SP=1&QT=20,HERMÈS,로즈 에르메스 실키 블러쉬 파우더 19 로즈 아브리코,N/A,N/A,N/A,5,2,N/A,,,N/A
뷰티,메이크업,치크/하이라이터/쉐이딩,블러쉬,https://image.sivillage.com/upload/C00001/s3/goods/org/477/240502015353477.jpg?RS=450&SP=1&QT=20,HERMÈS,로즈 에르메스 실키 블러쉬 파우더 28 로즈 플륌,N/A,N/A,N/A,5,15,N/A,,,N/A
뷰티,메이크업,치크/하이라이터/쉐이딩,블러쉬,https://image.sivillage.com/upload/C00001/goods/org/085/210422001200085.jpg?RS=450&SP=1&QT=20,HERMÈS,로즈 에르메스 블러쉬 23 로즈 블러쉬,N/A,N/A,N/A,5,17,N/A,"https://image.sivillage.com/upload/C00001/goods/color/color_070154_210422111721.jpg,https://image.sivillage.com/upload/C00001/goods/color/color_070158_210422111721.jpg,https://image.sivillage.com/upload/C00001/goods/color/color_070156_210422111721.jpg,https://image.sivillage.com/upload/C00001/goods/color/color_070157_210422111721.jpg","로즈 블러쉬 23,로즈 포메트 32,로즈 옴브레 45,로즈 탕 49",N/A
뷰티,메이크업,치크/하이라이터/쉐이딩,블러쉬,https://image.sivillage.com/upload/C00001/s3/goods/org/733/240809026862733.jpg?RS=450&SP=1&QT=20,DOLCE & GABBANA BEAUTY,치크 앤 아이 매치 블러셔 BLISSFUL MAUVE,N/A,"61,200",10%,5,1,N/A,"https://image.sivillage.com/upload/C00001/goods/color/color_070290_240809094124.jpg,https://image.sivillage.com/upload/C00001/goods/color/color_070288_240809094124.jpg,https://image.sivillage.com/upload/C00001/goods/color/color_070287_240809094124.jpg,https://image.sivillage.com/upload/C00001/goods/color/color_070289_240809094124.jpg,https://image.sivillage.com/upload/C00001/goods/color/color_070286_240809094124.jpg,https://image.sivillage.com/upload/C00001/goods/color/color_050155_240809093934.jpg","BLISSFUL MAUVE,HOPEFUL ROSE,JOYFUL PEACH,CHEERFUL PINK,WONDERFUL STRAWBERRY,PLAYFUL ROSEWOOD",N/A
뷰티,메이크업,치크/하이라이터/쉐이딩,블러쉬,https://image.sivillage.com/upload/C00001/goods/org/299/230908006341299.jpg?RS=450&SP=1&QT=20,BYREDO,컬러스틱 라센느,N/A,N/A,N/A,4.9,39,N/A,,,N/A
뷰티,메이크업,치크/하이라이터/쉐이딩,블러쉬,https://image.sivillage.com/upload/C00001/goods/org/304/230111003817304.jpg?RS=450&SP=1&QT=20,LAURA MERCIER,블러쉬 컬러 인퓨전 (구아바),N/A,"51,300",10%,4.9,74,N/A,"https://image.sivillage.com/upload/C00001/goods/color/color_080058_221229001935.jpg,https://image.sivillage.com/upload/C00001/goods/color/color_070264_221229003711.jpg,https://image.sivillage.com/upload/C00001/goods/color/color_070266_221229003711.jpg,https://image.sivillage.com/upload/C00001/goods/color/color_070265_221229003712.jpg,https://image.sivillage.com/upload/C00001/goods/color/color_080056_221229001935.jpg,https://image.sivillage.com/upload/C00001/goods/color/color_020278_221228233147.jpg,https://image.sivillage.com/upload/C00001/goods/color/color_020277_221228233147.jpg,https://image.sivillage.com/upload/C00001/goods/color/color_080055_221229001935.jpg","구아바,로즈,상그리아,스트로베리,진저,차이,프레스코,피치",N/A
뷰티,메이크업,치크/하이라이터/쉐이딩,블러쉬,https://image.sivillage.com/upload/C00001/goods/org/412/210517001232412.jpg?RS=450&SP=1&QT=20,HOURGLASS,앰비언트 브론저 (누드),N/A,"77,400",10%,5,12,N/A,"https://image.sivillage.com/upload/C00001/goods/color/0000472.jpg,https://image.sivillage.com/upload/C00001/goods/color/0000564.jpg,https://image.sivillage.com/upload/C00001/goods/color/0000565.jpg,https://image.sivillage.com/upload/C00001/goods/color/0000566.jpg","누드,디퓨즈드,레디언트,루미너스",N/A
뷰티,메이크업,치크/하이라이터/쉐이딩,블러쉬,https://image.sivillage.com/upload/C00001/s3/goods/org/580/240701023187580.jpg?RS=450&SP=1&QT=20,HOURGLASS,언리얼 리퀴드 블러쉬 - 크래프트,N/A,"52,200",10%,4.9,22,N/A,"https://image.sivillage.com/upload/C00001/goods/color/color_060268_240628165000.jpg,https://image.sivillage.com/upload/C00001/goods/color/color_060274_240628165001.jpg,https://image.sivillage.com/upload/C00001/goods/color/color_060269_240628165000.jpg,https://image.sivillage.com/upload/C00001/goods/color/color_060273_240628165001.jpg,https://image.sivillage.com/upload/C00001/goods/color/color_060271_240628165001.jpg,https://image.sivillage.com/upload/C00001/goods/color/color_060270_240628165000.jpg","크래프트,퓨처,이매진,모먼트,씬,윔",N/A
뷰티,메이크업,치크/하이라이터/쉐이딩,블러쉬,https://image.sivillage.com/upload/C00001/goods/org/393/210517001232393.jpg?RS=450&SP=1&QT=20,HOURGLASS,앰비언트 스트롭 라이팅 블러쉬-유포릭 퓨전,N/A,"61,200",10%,4.9,94,N/A,,,N/A
뷰티,메이크업,치크/하이라이터/쉐이딩,블러쉬,https://image.sivillage.com/upload/C00001/goods/org/974/230816005984974.jpg?RS=450&SP=1&QT=20,VIDIVICI,밀레니얼 글로우 크림 블러시 (01 가드닉 핑크),N/A,"28,800",10%,4.9,183,N/A,"https://image.sivillage.com/upload/C00001/goods/color/color_070269_230317133029.jpg,https://image.sivillage.com/upload/C00001/goods/color/color_070270_230317133346.jpg,https://image.sivillage.com/upload/C00001/goods/color/color_010041_230317133423.jpg,https://image.sivillage.com/upload/C00001/goods/color/color_070281_240103103508.jpg,https://image.sivillage.com/upload/C00001/goods/color/color_070285_240729090929.jpg","01 가드닉 핑크,02 로지 달리아,일루미네이션,03 팬지 라벤더,04 피오니 밀크",N/A
뷰티,메이크업,치크/하이라이터/쉐이딩,블러쉬,https://image.sivillage.com/upload/C00001/goods/org/117/230105003782117.jpg?RS=450&SP=1&QT=20,LAURA MERCIER,틴티드 모이스춰라이저 블러쉬 (라 피신),N/A,"45,000",10%,4.9,50,N/A,"https://image.sivillage.com/upload/C00001/goods/color/color_070226_221229004135.jpg,https://image.sivillage.com/upload/C00001/goods/color/color_070229_221229004135.jpg,https://image.sivillage.com/upload/C00001/goods/color/color_070234_221229004135.jpg,https://image.sivillage.com/upload/C00001/goods/color/color_070235_221229004135.jpg","라 피신,사운드바운드,프라이머네이드,프로방스",N/A
뷰티,메이크업,치크/하이라이터/쉐이딩,블러쉬,https://image.sivillage.com/upload/C00001/goods/org/721/230818006003721.jpg?RS=450&SP=1&QT=20,VIDIVICI,밀레니얼 앰비언트 글로우 블러쉬 (01 에브리 코랄),N/A,"35,100",10%,4.9,32,N/A,"https://image.sivillage.com/upload/C00001/goods/color/color_080043_221025111609.jpg,https://image.sivillage.com/upload/C00001/goods/color/color_070213_221025111630.jpg,https://image.sivillage.com/upload/C00001/goods/color/color_050099_221025111652.jpg","01 에브리 코랄,02 로즈 일루전,01 소프트 브라운",N/A
뷰티,메이크업,치크/하이라이터/쉐이딩,블러쉬,https://image.sivillage.com/upload/C00001/s3/goods/org/546/240827029309546.jpg?RS=450&SP=1&QT=20,MAKE UP FOR EVER,[메이크업포에버] 에이치디 스킨 올인원 팔레트 H1,N/A,"119,000",15%,N/A,N/A,N/A,,,N/A
뷰티,메이크업,치크/하이라이터/쉐이딩,블러쉬,https://image.sivillage.com/upload/C00001/s3/goods/org/272/240812027283272.jpg?RS=450&SP=1&QT=20,SIMIHAZE BEAUTY,[단독] 시미헤이즈 뷰티 솔라 틴트 블러쉬 & 미니 립 밤 세트 + 퍼프 증정,N/A,"75,650",15%,N/A,N/A,N/A,,,N/A
뷰티,메이크업,치크/하이라이터/쉐이딩,블러쉬,https://image.sivillage.com/upload/C00001/s3/goods/org/792/240827029415792.jpg?RS=450&SP=1&QT=20,CLINIQUE,[크리니크] [이득템] 치크 팝 트리오 팔레트 + 미니 올모스트 립스틱,N/A,"53,100",10%,5,1,N/A,,,N/A
뷰티,메이크업,치크/하이라이터/쉐이딩,블러쉬,https://image.sivillage.com/upload/C00001/s3/goods/org/387/240820028349387.jpg?RS=450&SP=1&QT=20,NARS,[나스] 나스 에프터글로우 이레지스터블 아이섀도우 팔레트,N/A,"74,700",10%,5,1,N/A,,,N/A
뷰티,메이크업,치크/하이라이터/쉐이딩,블러쉬,https://image.sivillage.com/upload/C00001/s3/goods/org/816/240814027540816.jpg?RS=450&SP=1&QT=20,MAC,[맥] 미네랄라이즈 블러쉬,N/A,N/A,N/A,5,1,N/A,,,N/A
뷰티,메이크업,치크/하이라이터/쉐이딩,블러쉬,https://image.sivillage.com/upload/C00001/s3/goods/org/334/240901030132334.jpg?RS=450&SP=1&QT=20,MAC,[맥] 파우더 블러쉬,N/A,"36,100",5%,5,2,N/A,,,N/A
뷰티,메이크업,치크/하이라이터/쉐이딩,블러쉬,https://image.sivillage.com/upload/C00001/s3/goods/org/623/240829029787623.jpg?RS=450&SP=1&QT=20,ABOUT TONE,[어바웃톤] 플러피 웨어 블러셔,N/A,"13,500",10%,N/A,N/A,N/A,,,N/A
뷰티,메이크업,치크/하이라이터/쉐이딩,블러쉬,https://image.sivillage.com/upload/C00001/s3/goods/org/509/240901030132509.jpg?RS=450&SP=1&QT=20,NARS,[나스] NEW 블러쉬,N/A,"44,100",10%,5,6,N/A,,,N/A
뷰티,메이크업,치크/하이라이터/쉐이딩,블러쉬,https://image.sivillage.com/upload/C00001/s3/goods/org/935/240530018909935.jpg?RS=450&SP=1&QT=20,HERA,[NEW]헤라 센슈얼 립앤치크 7g,N/A,"40,500",10%,5,1,N/A,,,세일
뷰티,메이크업,치크/하이라이터/쉐이딩,블러쉬,https://image.sivillage.com/upload/C00001/s3/goods/org/290/240901030132290.jpg?RS=450&SP=1&QT=20,NARS,[나스] 에프터글로우 리퀴드 블러쉬,N/A,"40,500",10%,4.8,10,N/A,,,N/A
뷰티,메이크업,치크/하이라이터/쉐이딩,블러쉬,https://image.sivillage.com/upload/C00001/s3/goods/org/400/240822028719400.jpg?RS=450&SP=1&QT=20,FEEV,[피브] 컬러 세럼 리퀴드 블러셔 20ml,20ml,"21,600",10%,N/A,N/A,N/A,,,N/A
뷰티,메이크업,치크/하이라이터/쉐이딩,블러쉬,https://image.sivillage.com/upload/C00001/s3/goods/org/421/240306009847421.jpg?RS=450&SP=1&QT=20,2aN,듀얼 치크 8 Colors,N/A,N/A,N/A,N/A,N/A,N/A,,,N/A
뷰티,메이크업,치크/하이라이터/쉐이딩,블러쉬,https://image.sivillage.com/upload/C00001/s3/goods/org/181/240830029952181.jpg?RS=450&SP=1&QT=20,HEART PERCENT,[하트퍼센트] 도트 온 무드 글로우 블러쉬,N/A,N/A,N/A,N/A,N/A,N/A,,,N/A
뷰티,메이크업,치크/하이라이터/쉐이딩,블러쉬,https://image.sivillage.com/upload/C00001/s3/goods/org/984/240831030004984.jpg?RS=450&SP=1&QT=20,BOBBI BROWN,[바비브라운] 팟 루즈 포 립스 앤 치크,N/A,"51,000",15%,N/A,N/A,N/A,,,N/A
뷰티,메이크업,치크/하이라이터/쉐이딩,블러쉬,https://image.sivillage.com/upload/C00001/s3/goods/org/007/240821028576007.jpg?RS=450&SP=1&QT=20,MADPEACH,[매드피치] 무드 믹스 크림 블러셔,N/A,N/A,N/A,5,2,N/A,,,N/A
뷰티,메이크업,치크/하이라이터/쉐이딩,블러쉬,https://image.sivillage.com/upload/C00001/s3/goods/org/671/240422014532671.jpg?RS=450&SP=1&QT=20,PAUL&JOE,폴앤조 비바시떼 아이 & 페이스 컬러,N/A,"36,900",10%,N/A,N/A,N/A,,,N/A
뷰티,메이크업,치크/하이라이터/쉐이딩,블러쉬,https://image.sivillage.com/upload/C00001/s3/goods/org/466/240831030010466.jpg?RS=450&SP=1&QT=20,narka,[나르카] 인텐시브 카라멜 립 앤 치크,N/A,N/A,N/A,5,1,N/A,,,N/A
뷰티,메이크업,치크/하이라이터/쉐이딩,블러쉬,https://image.sivillage.com/upload/C00001/s3/goods/org/270/240830029970270.jpg?RS=450&SP=1&QT=20,FEEV,[피브] 컬러 치크 블러셔 8.2g,N/A,"21,600",10%,3.2,4,N/A,,,N/A
뷰티,메이크업,치크/하이라이터/쉐이딩,블러쉬,https://image.sivillage.com/upload/C00001/s3/goods/org/094/240824029054094.jpg?RS=450&SP=1&QT=20,FEEV,[피브] 컬러 세럼 리퀴드 블러셔 10ml,10ml,"13,500",10%,N/A,N/A,N/A,,,N/A
뷰티,메이크업,치크/하이라이터/쉐이딩,블러쉬,https://image.sivillage.com/upload/C00001/s3/goods/org/597/240408013201597.jpg?RS=450&SP=1&QT=20,ODEAR,오데어 크리미 블러셔 2.2g,N/A,"19,800",10%,N/A,N/A,N/A,,,N/A
뷰티,메이크업,치크/하이라이터/쉐이딩,블러쉬,https://image.sivillage.com/upload/C00001/s3/goods/org/696/240709024261696.jpg?RS=450&SP=1&QT=20,HERA,헤라 블러쉬 5.5g,N/A,"45,000",10%,5,2,N/A,,,세일
뷰티,메이크업,치크/하이라이터/쉐이딩,블러쉬,https://image.sivillage.com/upload/C00001/s3/goods/org/223/240718024799223.jpg?RS=450&SP=1&QT=20,QUA-T,[콰티] 글로우 멜팅 팔레트,N/A,N/A,N/A,5,5,N/A,,,N/A
뷰티,메이크업,치크/하이라이터/쉐이딩,블러쉬,https://image.sivillage.com/upload/C00001/s3/goods/org/944/240828029616944.jpg?RS=450&SP=1&QT=20,BBIA,[삐아] 레디 투 웨어 다우니 치크,N/A,"8,100",10%,N/A,N/A,N/A,,,N/A
뷰티,메이크업,치크/하이라이터/쉐이딩,블러쉬,https://image.sivillage.com/upload/C00001/s3/goods/org/929/240814027541929.jpg?RS=450&SP=1&QT=20,BBIA,[삐아] 레디 투 웨어 파우더 치크,N/A,"9,000",10%,5,1,N/A,,,N/A
뷰티,메이크업,치크/하이라이터/쉐이딩,블러쉬,https://image.sivillage.com/upload/C00001/s3/goods/org/943/240825029169943.jpg?RS=450&SP=1&QT=20,BBIA,[삐아] 라스트 블러쉬,N/A,N/A,N/A,5,5,N/A,,,N/A
뷰티,메이크업,치크/하이라이터/쉐이딩,블러쉬,https://image.sivillage.com/upload/C00001/s3/goods/org/531/240901030132531.jpg?RS=450&SP=1&QT=20,CLINIQUE,[크리니크] [미니팩] 치크 팝+노란로션젤 45ml,45ml,"32,400",10%,N/A,N/A,N/A,,,N/A
뷰티,메이크업,치크/하이라이터/쉐이딩,블러쉬,https://image.sivillage.com/upload/C00001/s3/goods/org/052/240831030127052.jpg?RS=450&SP=1&QT=20,CLINIQUE,[크리니크] 크리니크 치크팝,N/A,"32,400",10%,5,41,N/A,,,N/A
뷰티,메이크업,치크/하이라이터/쉐이딩,블러쉬,https://image.sivillage.com/upload/C00001/s3/goods/org/667/240814027541667.jpg?RS=450&SP=1&QT=20,MAC,[맥] 글로우 플레이 블러쉬,N/A,N/A,N/A,5,2,N/A,,,N/A
뷰티,메이크업,치크/하이라이터/쉐이딩,블러쉬,https://image.sivillage.com/upload/C00001/s3/goods/org/382/240722025067382.jpg?RS=450&SP=1&QT=20,BENEFIT,[베네피트] WANDERful World 블러쉬 & BOP 미니 5종 택1,N/A,"23,800",15%,5,32,N/A,,,N/A
뷰티,메이크업,치크/하이라이터/쉐이딩,블러쉬,https://image.sivillage.com/upload/C00001/s3/goods/org/347/240901030132347.jpg?RS=450&SP=1&QT=20,DEARDAHLIA,[디어달리아] 페탈 드롭 리퀴드 블러쉬,N/A,"22,500",10%,5,1,N/A,,,N/A
뷰티,메이크업,치크/하이라이터/쉐이딩,블러쉬,https://image.sivillage.com/upload/C00001/s3/goods/org/408/240827029427408.jpg?RS=450&SP=1&QT=20,BENEFIT,[베네피트] WANDERful World 블러쉬 7종 택1,N/A,"38,250",15%,5,4,N/A,,,N/A
뷰티,메이크업,치크/하이라이터/쉐이딩,블러쉬,https://image.sivillage.com/upload/C00001/s3/goods/org/959/240827029314959.jpg?RS=450&SP=1&QT=20,HINCE,[힌스] 듀이 리퀴드 치크,N/A,"16,150",15%,5,1,N/A,,,N/A
뷰티,메이크업,치크/하이라이터/쉐이딩,블러쉬,https://image.sivillage.com/upload/C00001/s3/goods/org/881/240813027373881.jpg?RS=450&SP=1&QT=20,STILA,[스틸라] 블러쉬 하이드로 블러 치크 듀오,N/A,"32,800",20%,5,2,N/A,,,N/A
뷰티,메이크업,치크/하이라이터/쉐이딩,블러쉬,https://image.sivillage.com/upload/C00001/s3/goods/org/295/240823028920295.jpg?RS=450&SP=1&QT=20,STILA,[스틸라] 컴플리트 하모니 립 & 치크 스틱,N/A,"32,800",20%,2,1,N/A,,,N/A
뷰티,메이크업,치크/하이라이터/쉐이딩,블러쉬,https://image.sivillage.com/upload/C00001/s3/goods/org/329/240821028556329.jpg?RS=450&SP=1&QT=20,STILA,[스틸라] 소프트 글로우 파우더 블러셔,N/A,"25,600",20%,N/A,N/A,N/A,,,N/A
뷰티,메이크업,치크/하이라이터/쉐이딩,블러쉬,https://image.sivillage.com/upload/C00001/s3/goods/org/904/240812027282904.jpg?RS=450&SP=1&QT=20,SIMIHAZE BEAUTY,[단독] 시미헤이즈 뷰티 솔라 틴트 블러쉬 듀오 + 퍼프 증정,N/A,"49,300",15%,N/A,N/A,N/A,,,N/A
뷰티,메이크업,치크/하이라이터/쉐이딩,블러쉬,https://image.sivillage.com/upload/C00001/s3/goods/org/031/240901030132031.jpg?RS=450&SP=1&QT=20,MUDE,[뮤드] 플러터 블러셔,N/A,N/A,N/A,5,1,N/A,,,N/A
뷰티,메이크업,치크/하이라이터/쉐이딩,블러쉬,https://image.sivillage.com/upload/C00001/s3/goods/org/043/240826029305043.jpg?RS=450&SP=1&QT=20,3CE,[3CE] 3CE 뉴 테이크 페이스 블러셔,N/A,"16,000",20%,5,5,N/A,,,N/A
뷰티,메이크업,치크/하이라이터/쉐이딩,블러쉬,https://image.sivillage.com/upload/C00001/s3/goods/org/196/240809026918196.jpg?RS=450&SP=1&QT=20,MAKE UP FOR EVER,[메이크업포에버] ★시코르단독★ NEW 아티스트 블러쉬 기획세트,N/A,"38,250",15%,5,3,N/A,,,N/A
뷰티,메이크업,치크/하이라이터/쉐이딩,블러쉬,https://image.sivillage.com/upload/C00001/s3/goods/org/668/240829029793668.jpg?RS=450&SP=1&QT=20,JUNG SAEM MOOL,[정샘물] 정샘물 컬러피스 크림 블러쉬,N/A,"23,800",15%,N/A,N/A,N/A,,,N/A
뷰티,메이크업,치크/하이라이터/쉐이딩,블러쉬,https://image.sivillage.com/upload/C00001/s3/goods/org/082/240828029631082.jpg?RS=450&SP=1,3CE,[3CE] 페이스 블러셔,N/A,"15,300",15%,5,1,N/A,,,N/A
뷰티,메이크업,치크/하이라이터/쉐이딩,블러쉬,https://image.sivillage.com/upload/C00001/s3/goods/org/426/240627022888426.jpg?RS=450&SP=1,SIMIHAZE BEAUTY,시미헤이즈 뷰티 선 플러쉬 올 오버 틴트(5종 택1),N/A,"41,650",15%,N/A,N/A,N/A,,,N/A
뷰티,메이크업,치크/하이라이터/쉐이딩,블러쉬,https://image.sivillage.com/upload/C00001/s3/goods/org/326/240805026286326.jpg?RS=450&SP=1,NAMING,[네이밍] 플러피 파우더 블러쉬 3.2g (택1),N/A,"12,750",15%,N/A,N/A,N/A,,,N/A
뷰티,메이크업,치크/하이라이터/쉐이딩,블러쉬,https://image.sivillage.com/upload/C00001/s3/goods/org/673/240830029829673.jpg?RS=450&SP=1,HINCE,[힌스] 트루 디멘션 글로우 치크,N/A,"19,550",15%,4.6,5,N/A,,,N/A
뷰티,메이크업,치크/하이라이터/쉐이딩,블러쉬,https://image.sivillage.com/upload/C00001/s3/goods/org/599/240808026621599.jpg?RS=450&SP=1,espoir,[에스쁘아] 톤페어링 치크,N/A,"22,100",15%,N/A,N/A,N/A,,,N/A
뷰티,메이크업,치크/하이라이터/쉐이딩,블러쉬,https://image.sivillage.com/upload/C00001/s3/goods/org/767/240826029301767.jpg?RS=450&SP=1,MAKE UP FOR EVER,[메이크업포에버] [NEW] 아티스트 블러쉬,N/A,"38,250",15%,5,3,N/A,,,N/A
뷰티,메이크업,치크/하이라이터/쉐이딩,블러쉬,https://image.sivillage.com/upload/C00001/s3/goods/org/960/240829029652960.jpg?RS=450&SP=1&QT=20,DEARDAHLIA,[디어달리아] 페탈 드롭 리퀴드 블러쉬,N/A,"20,000",20%,N/A,N/A,N/A,,,N/A
뷰티,메이크업,치크/하이라이터/쉐이딩,블러쉬,https://image.sivillage.com/upload/C00001/s3/goods/org/757/240818028175757.jpg?RS=450&SP=1&QT=20,3CE,[3CE] 쉬어 리퀴드 블러셔,N/A,"13,600",20%,5,1,N/A,,,N/A
뷰티,메이크업,치크/하이라이터/쉐이딩,블러쉬,https://image.sivillage.com/upload/C00001/s3/goods/org/176/240829029797176.jpg?RS=450&SP=1&QT=20,DINTO,[딘토] 올 댓 모먼츠 블러셔 8종,N/A,"13,300",30%,5,8,N/A,,,N/A
뷰티,메이크업,치크/하이라이터/쉐이딩,블러쉬,https://image.sivillage.com/upload/C00001/s3/goods/org/761/240823028892761.jpg?RS=450&SP=1&QT=20,3CE,[3CE] [PURE PAIRING] 3CE 뉴테이크 페이스 블러셔,N/A,"15,000",25%,5,1,N/A,,,N/A
