top_category_name,middle_category_name,bottom_category_name,sub_category_name,image_src,brand,name,volume,price,discount_rate,rating,review_count,delivery_info,color_image_src,color_name,bedge
뷰티,메이크업,치크/하이라이터/쉐이딩,하이라이터,https://image.sivillage.com/upload/C00001/goods/org/461/221229003736461.jpg?RS=450&SP=1,LAURA MERCIER,로즈글로우 블러쉬 컬러 인퓨전 (하이라이팅 파우더),N/A,"51,300",10%,4.8,38,N/A,"https://image.sivillage.com/upload/C00001/goods/color/color_070236_230106162637.jpg,https://image.sivillage.com/upload/C00001/goods/color/color_080052_221229001935.jpg,https://image.sivillage.com/upload/C00001/goods/color/color_070245_221229003712.jpg","하이라이팅 파우더,피치 쉬머,올 댓 스파클",N/A
뷰티,메이크업,치크/하이라이터/쉐이딩,하이라이터,https://image.sivillage.com/upload/C00001/goods/org/907/231023006646907.jpg?RS=450&SP=1,LAURA MERCIER,로즈글로우 컬렉션 리퀴드 하이라이터,N/A,"56,700",10%,5,2,N/A,,,N/A
뷰티,메이크업,치크/하이라이터/쉐이딩,하이라이터,https://image.sivillage.com/upload/C00001/s3/goods/org/562/240831030120562.jpg?RS=450&SP=1,OFRA,[오프라] 하이라이터,N/A,"50,400",10%,5,2,N/A,,,N/A
뷰티,메이크업,치크/하이라이터/쉐이딩,하이라이터,https://image.sivillage.com/upload/C00001/s3/goods/org/879/240821028404879.jpg?RS=450&SP=1,OFRA,[오프라] 하이라이터 - 베벌리 힐즈,N/A,"55,800",10%,N/A,N/A,N/A,,,N/A
뷰티,메이크업,치크/하이라이터/쉐이딩,하이라이터,https://image.sivillage.com/upload/C00001/s3/goods/org/627/240830029974627.jpg?RS=450&SP=1&QT=20,OFRA,[오프라] 오프라 글로우 업 팔레트,N/A,"88,200",10%,5,2,N/A,,,N/A
뷰티,메이크업,치크/하이라이터/쉐이딩,하이라이터,https://image.sivillage.com/upload/C00001/s3/goods/org/178/240831030127178.jpg?RS=450&SP=1&QT=20,OFRA,[오프라] 미니 하이라이터,N/A,"29,700",10%,5,4,N/A,,,N/A
뷰티,메이크업,치크/하이라이터/쉐이딩,하이라이터,https://image.sivillage.com/upload/C00001/s3/goods/org/109/240831030130109.jpg?RS=450&SP=1&QT=20,OFRA,[오프라] 미니 하이라이터 - 슈가쿠키,N/A,"29,700",10%,5,1,N/A,,,N/A
뷰티,메이크업,치크/하이라이터/쉐이딩,하이라이터,https://image.sivillage.com/upload/C00001/s3/goods/org/433/240826029278433.jpg?RS=450&SP=1&QT=20,FIVEVIBE,[파이브바이브] 파이브바이브 펄 라이크 하이라이터,N/A,N/A,N/A,5,1,N/A,,,N/A
뷰티,메이크업,치크/하이라이터/쉐이딩,하이라이터,https://image.sivillage.com/upload/C00001/s3/goods/org/370/240809026898370.jpg?RS=450&SP=1&QT=20,FEEV,[피브] 하이퍼-핏 쉬머링 세럼 10g,N/A,"13,500",10%,N/A,N/A,N/A,,,N/A
뷰티,메이크업,치크/하이라이터/쉐이딩,하이라이터,https://image.sivillage.com/upload/C00001/s3/goods/org/122/240524018242122.jpg?RS=450&SP=1&QT=20,2aN,퓨어 글래시 하이라이터 4 Colors,N/A,N/A,N/A,N/A,N/A,N/A,,,N/A
뷰티,메이크업,치크/하이라이터/쉐이딩,하이라이터,https://image.sivillage.com/upload/C00001/s3/goods/org/084/240901030132084.jpg?RS=450&SP=1&QT=20,OFRA,[오프라] 미니 하이라이터 - 클라우드9,N/A,"29,700",10%,5,16,N/A,,,N/A
뷰티,메이크업,치크/하이라이터/쉐이딩,하이라이터,https://image.sivillage.com/upload/C00001/s3/goods/org/565/240830029975565.jpg?RS=450&SP=1&QT=20,OFRA,[오프라] [단독 선런칭] 미니 하이라이터 - 서울,N/A,"29,700",10%,5,3,N/A,,,N/A
뷰티,메이크업,치크/하이라이터/쉐이딩,하이라이터,https://image.sivillage.com/upload/C00001/s3/goods/org/376/240818028168376.jpg?RS=450&SP=1&QT=20,UNLEASHIA,[언리시아] 언리시아 무드 샤워 페이스 팔레트,N/A,N/A,N/A,5,1,N/A,,,N/A
뷰티,메이크업,치크/하이라이터/쉐이딩,하이라이터,https://image.sivillage.com/upload/C00001/s3/goods/org/808/240831030119808.jpg?RS=450&SP=1&QT=20,STILA,[스틸라] 헤븐스 휴 하이라이터,N/A,"32,000",20%,4,1,N/A,,,N/A
뷰티,메이크업,치크/하이라이터/쉐이딩,하이라이터,https://image.sivillage.com/upload/C00001/s3/goods/org/106/240826029305106.jpg?RS=450&SP=1&QT=20,espoir,[에스쁘아] 에스쁘아 톤페어링 하이라이터,N/A,"24,000",20%,5,1,N/A,,,N/A
뷰티,메이크업,치크/하이라이터/쉐이딩,하이라이터,https://image.sivillage.com/upload/C00001/s3/goods/org/788/240824029061788.jpg?RS=450&SP=1&QT=20,DEARDAHLIA,[디어달리아] 디어달리아 글리츠 글로우 하이라이터,N/A,"24,000",20%,N/A,N/A,N/A,,,N/A
뷰티,메이크업,치크/하이라이터/쉐이딩,하이라이터,https://image.sivillage.com/upload/C00001/s3/goods/org/987/240716024685987.jpg?RS=450&SP=1&QT=20,koy,[단독구성] 코이 블룸 글로우 스틱 하이라이터 9g (+핑거퍼프 증정),N/A,"32,300",15%,5,11,N/A,,,세일
뷰티,메이크업,치크/하이라이터/쉐이딩,하이라이터,https://image.sivillage.com/upload/C00001/s3/goods/org/743/240827029425743.jpg?RS=450&SP=1&QT=20,DEARDAHLIA,[디어달리아] 디어달리아 스킨 루미너스 하이라이터,N/A,"26,400",20%,5,1,N/A,,,N/A
뷰티,메이크업,치크/하이라이터/쉐이딩,하이라이터,https://image.sivillage.com/upload/C00001/s3/goods/org/977/240831030005977.jpg?RS=450&SP=1&QT=20,HINCE,[힌스] 트루 디멘션 래디언스 밤,N/A,"24,650",15%,N/A,N/A,N/A,,,N/A
뷰티,메이크업,치크/하이라이터/쉐이딩,하이라이터,https://image.sivillage.com/upload/C00001/s3/goods/org/024/240825029073024.jpg?RS=450&SP=1&QT=20,BENEFIT,[베네피트] NEW 브론저 & 하이라이터,N/A,"38,250",15%,5,2,N/A,,,N/A
뷰티,메이크업,치크/하이라이터/쉐이딩,하이라이터,https://image.sivillage.com/upload/C00001/s3/goods/org/404/240831030028404.jpg?RS=450&SP=1&QT=20,MAKE UP FOR EVER,[메이크업포에버] [NEW] 아티스트 하이라이터,N/A,"38,250",15%,N/A,N/A,N/A,,,N/A
뷰티,메이크업,치크/하이라이터/쉐이딩,하이라이터,https://image.sivillage.com/upload/C00001/s3/goods/org/155/240627022891155.jpg?RS=450&SP=1&QT=20,SIMIHAZE BEAUTY,시미헤이즈 뷰티 루나 립 젤 (4종 택1),N/A,"35,700",15%,N/A,N/A,N/A,,,N/A
뷰티,메이크업,치크/하이라이터/쉐이딩,하이라이터,https://image.sivillage.com/upload/C00001/s3/goods/org/953/240619021995953.jpg?RS=450&SP=1,SIMIHAZE BEAUTY,시미헤이즈 뷰티 라이트 빔 리퀴드 하이라이터,N/A,"43,350",15%,N/A,N/A,N/A,,,N/A
뷰티,메이크업,치크/하이라이터/쉐이딩,하이라이터,https://image.sivillage.com/upload/C00001/s3/goods/org/742/240808026613742.jpg?RS=450&SP=1,espoir,[에스쁘아] 에스쁘아 듀라이크 젤로 팟 10g,N/A,"21,250",15%,N/A,N/A,N/A,,,N/A
뷰티,메이크업,치크/하이라이터/쉐이딩,하이라이터,https://image.sivillage.com/upload/C00001/s3/goods/org/995/240819028177995.jpg?RS=450&SP=1,ROM&ND,[롬앤] 시스루 베일라이터,N/A,"9,100",30%,N/A,N/A,N/A,,,N/A
