top_category_name,middle_category_name,bottom_category_name,sub_category_name,image_src,brand,name,volume,price,discount_rate,rating,review_count,delivery_info,color_image_src,color_name,bedge
뷰티,스킨케어,스킨/토너/미스트,미스트,https://image.sivillage.com/upload/C00001/goods/org/648/200803000808648.png?RS=450&SP=1,Natura Bisse,다이아몬드 미스트 200ml,200ml,N/A,N/A,5,42,N/A,,,N/A
뷰티,스킨케어,스킨/토너/미스트,미스트,https://image.sivillage.com/upload/C00001/goods/org/622/210504001214622.jpg?RS=450&SP=1,YUNJAC,백년초 앤 우질두 수분 진정 미스트,N/A,"39,900",5%,4.8,157,N/A,,,N/A
뷰티,스킨케어,스킨/토너/미스트,미스트,https://image.sivillage.com/upload/C00001/s3/goods/org/137/240411013425137.jpg?RS=450&SP=1,LA PERVA,[컴포트존] 하이드라메모리 페이스 미스트 100ml,100ml,"31,200",20%,5,3,N/A,,,N/A
뷰티,스킨케어,스킨/토너/미스트,미스트,https://image.sivillage.com/upload/C00001/goods/org/121/230214004183121.jpg?RS=450&SP=1,LA BRUKET,하이드라 퍼밍 씨 미스트 60ml,60ml,"46,750",15%,5,8,N/A,,,N/A
뷰티,스킨케어,스킨/토너/미스트,미스트,https://image.sivillage.com/upload/C00001/s3/goods/org/611/240214008974611.jpg?RS=450&SP=1&QT=20,HERA,헤라 컴피 리바이탈라이징 세럼 미스트 90ml,90ml,"73,800",10%,N/A,N/A,N/A,,,세일
뷰티,스킨케어,스킨/토너/미스트,미스트,https://image.sivillage.com/upload/C00001/s3/goods/org/801/240827029415801.jpg?RS=450&SP=1&QT=20,CAUDALIE,[꼬달리] 뷰티엘릭시르 100ml,100ml,"62,100",10%,N/A,N/A,N/A,,,N/A
뷰티,스킨케어,스킨/토너/미스트,미스트,https://image.sivillage.com/upload/C00001/s3/goods/org/068/240828029445068.jpg?RS=450&SP=1&QT=20,ESTHEDERM,[에스테덤] 씨티 프로텍트 미스트 100ml,100ml,"62,100",10%,N/A,N/A,N/A,,,N/A
뷰티,스킨케어,스킨/토너/미스트,미스트,https://image.sivillage.com/upload/C00001/s3/goods/org/899/240613021055899.png?RS=450&SP=1&QT=20,WONDERTREE,[선물 포장 가능] 민감 피부도 당당한 민낯 광채 카밍 모이스처 토너 미스트,N/A,"52,200",10%,5,3,N/A,,,N/A
뷰티,스킨케어,스킨/토너/미스트,미스트,https://image.sivillage.com/upload/C00001/s3/goods/org/449/240830029832449.jpg?RS=450&SP=1&QT=20,GROUNDPLAN,[그라운드플랜] 미스트 330ml,330ml,N/A,N/A,N/A,N/A,N/A,,,N/A
뷰티,스킨케어,스킨/토너/미스트,미스트,https://image.sivillage.com/upload/C00001/s3/goods/org/137/240812027305137.jpg?RS=450&SP=1&QT=20,SUM37,[숨37˚] 시크릿 미스트 기획세트,N/A,"48,000",20%,N/A,N/A,N/A,,,세일
뷰티,스킨케어,스킨/토너/미스트,미스트,https://image.sivillage.com/upload/C00001/s3/goods/org/716/240831030009716.jpg?RS=450&SP=1&QT=20,SUM37°,[숨37] 시크릿 에센스 미스트 기획세트,N/A,"51,000",15%,5,1,N/A,,,N/A
뷰티,스킨케어,스킨/토너/미스트,미스트,https://image.sivillage.com/upload/C00001/goods/org/879/220504002450879.jpg?RS=450&SP=1&QT=20,LUSH,러쉬 그리스 라이트닝 45g - 스폿 트리트먼트,N/A,N/A,N/A,5,6,N/A,,,N/A
뷰티,스킨케어,스킨/토너/미스트,미스트,https://image.sivillage.com/upload/C00001/goods/org/895/220504002450895.jpg?RS=450&SP=1&QT=20,LUSH,러쉬 티 트리 워터 100g - 토너/스킨,N/A,N/A,N/A,5,5,N/A,,,N/A
뷰티,스킨케어,스킨/토너/미스트,미스트,https://image.sivillage.com/upload/C00001/s3/goods/org/985/240518017373985.png?RS=450&SP=1&QT=20,LA ROSEE,라로제 모이스춰라이징 토닉 로션 200ml (멀티 토너),200ml,"29,450",5%,4.9,12,N/A,,,N/A
뷰티,스킨케어,스킨/토너/미스트,미스트,https://image.sivillage.com/upload/C00001/s3/goods/org/804/240830029820804.jpg?RS=450&SP=1&QT=20,NOTSEEBACK,[낫씨백] 원 샷 케이프 알로에 [미스트타입] (진정효과),N/A,"10,800",10%,5,3,N/A,,,N/A
뷰티,스킨케어,스킨/토너/미스트,미스트,https://image.sivillage.com/upload/C00001/s3/goods/org/081/240828029445081.jpg?RS=450&SP=1&QT=20,ESTHEDERM,[에스테덤] 셀룰러 워터 미스트 100ml,100ml,"32,400",10%,N/A,N/A,N/A,,,N/A
뷰티,스킨케어,스킨/토너/미스트,미스트,https://image.sivillage.com/upload/C00001/s3/goods/org/173/240801025845173.jpg?RS=450&SP=1&QT=20,d`Alba,[달바] 화이트 트러플 퍼스트 아로마틱 스프레이 세럼 120ml,120ml,"37,800",10%,5,1,N/A,,,N/A
뷰티,스킨케어,스킨/토너/미스트,미스트,https://image.sivillage.com/upload/C00001/s3/goods/org/556/240825029169556.jpg?RS=450&SP=1&QT=20,GROUNDPLAN,[그라운드플랜] 미스트 100ml,100ml,N/A,N/A,N/A,N/A,N/A,,,N/A
뷰티,스킨케어,스킨/토너/미스트,미스트,https://image.sivillage.com/upload/C00001/s3/goods/org/623/240824029048623.jpg?RS=450&SP=1&QT=20,HUXLEY,[헉슬리] 오일 미스트 센스 오브 밸런스,N/A,N/A,N/A,N/A,N/A,N/A,,,N/A
뷰티,스킨케어,스킨/토너/미스트,미스트,https://image.sivillage.com/upload/C00001/s3/goods/org/803/240827029415803.jpg?RS=450&SP=1&QT=20,CAUDALIE,[꼬달리] 뷰티엘릭시르 30ml,30ml,"26,100",10%,N/A,N/A,N/A,,,N/A
뷰티,스킨케어,스킨/토너/미스트,미스트,https://image.sivillage.com/upload/C00001/s3/goods/org/199/240808026592199.jpg?RS=450&SP=1&QT=20,FEMMUE,[파뮤] 슈퍼 파인 카멜리아 미스트,N/A,N/A,N/A,N/A,N/A,N/A,,,N/A
뷰티,스킨케어,스킨/토너/미스트,미스트,https://image.sivillage.com/upload/C00001/goods/org/883/220504002450883.jpg?RS=450&SP=1&QT=20,LUSH,러쉬 티 트리 워터 250g - 토너/스킨,N/A,N/A,N/A,5,13,N/A,,,N/A
뷰티,스킨케어,스킨/토너/미스트,미스트,https://image.sivillage.com/upload/C00001/s3/goods/org/739/240801025816739.jpg?RS=450&SP=1&QT=20,HUXLEY,[헉슬리] 미스트 센스 오브 밸런스,N/A,N/A,N/A,N/A,N/A,N/A,,,N/A
뷰티,스킨케어,스킨/토너/미스트,미스트,https://image.sivillage.com/upload/C00001/s3/goods/org/540/240802025916540.jpg?RS=450&SP=1&QT=20,AMPLE:N,[앰플엔] 세라마이드샷 앰플 미스트,N/A,"14,310",10%,5,1,N/A,,,N/A
뷰티,스킨케어,스킨/토너/미스트,미스트,https://image.sivillage.com/upload/C00001/s3/goods/org/515/240801025821515.jpg?RS=450&SP=1&QT=20,PARNELL,[파넬] 시카마누 세럼 미스트 50ml,50ml,"21,850",5%,N/A,N/A,N/A,,,N/A
뷰티,스킨케어,스킨/토너/미스트,미스트,https://image.sivillage.com/upload/C00001/s3/goods/org/654/240701023171654.jpg?RS=450&SP=1&QT=20,d`Alba,[달바] 화이트 트러플 퍼스트 아로마틱 스프레이 세럼 60ml,60ml,N/A,N/A,N/A,N/A,N/A,,,N/A
뷰티,스킨케어,스킨/토너/미스트,미스트,https://image.sivillage.com/upload/C00001/s3/goods/org/456/240615021481456.jpg?RS=450&SP=1&QT=20,GROUNDPLAN,[그라운드플랜] 미스트 20ml,20ml,N/A,N/A,N/A,N/A,N/A,,,N/A
뷰티,스킨케어,스킨/토너/미스트,미스트,https://image.sivillage.com/upload/C00001/s3/goods/org/677/240422014529677.jpg?RS=450&SP=1&QT=20,PAUL&JOE,폴앤조 리프레싱 미스트,N/A,"36,900",10%,N/A,N/A,N/A,,,N/A
뷰티,스킨케어,스킨/토너/미스트,미스트,https://image.sivillage.com/upload/C00001/s3/goods/org/794/240827029415794.jpg?RS=450&SP=1&QT=20,CAUDALIE,[꼬달리] 그레이프 워터 75ml,75ml,"12,600",10%,N/A,N/A,N/A,,,N/A
뷰티,스킨케어,스킨/토너/미스트,미스트,https://image.sivillage.com/upload/C00001/s3/goods/org/093/240828029445093.jpg?RS=450&SP=1&QT=20,ESTHEDERM,[에스테덤] 셀룰러 워터 미스트 200ml,200ml,"44,100",10%,5,4,N/A,,,N/A
뷰티,스킨케어,스킨/토너/미스트,미스트,https://image.sivillage.com/upload/C00001/s3/goods/org/362/240808026592362.jpg?RS=450&SP=1&QT=20,FEMMUE,[파뮤] 듀얼 에센스 카멜리아 100ml,100ml,N/A,N/A,N/A,N/A,N/A,,,N/A
뷰티,스킨케어,스킨/토너/미스트,미스트,https://image.sivillage.com/upload/C00001/s3/goods/org/805/240827029415805.jpg?RS=450&SP=1&QT=20,KLAIRS,[클레어스] 펀더멘탈 앰플 미스트 125ml,125ml,"25,200",10%,N/A,N/A,N/A,,,N/A
뷰티,스킨케어,스킨/토너/미스트,미스트,https://image.sivillage.com/upload/C00001/goods/org/940/220504002450940.jpg?RS=450&SP=1&QT=20,LUSH,러쉬 브레스 오브 프레쉬 에어 100g - 토너/스킨,N/A,N/A,N/A,N/A,N/A,N/A,,,N/A
뷰티,스킨케어,스킨/토너/미스트,미스트,https://image.sivillage.com/upload/C00001/goods/org/902/220504002450902.jpg?RS=450&SP=1&QT=20,LUSH,러쉬 오 로마 워터 250g - 토너/스킨,N/A,N/A,N/A,5,2,N/A,,,N/A
뷰티,스킨케어,스킨/토너/미스트,미스트,https://image.sivillage.com/upload/C00001/s3/goods/org/441/240524018232441.jpg?RS=450&SP=1&QT=20,LUSH,러쉬 브레스 오브 프레쉬 에어 250g - 토너/스킨,N/A,N/A,N/A,5,1,N/A,,,N/A
뷰티,스킨케어,스킨/토너/미스트,미스트,https://image.sivillage.com/upload/C00001/s3/goods/org/307/240729025615307.jpg?RS=450&SP=1&QT=20,SUM37,[숨37˚] 시크릿 에센스 미스트 기획세트,N/A,"48,000",20%,N/A,N/A,N/A,,,세일
뷰티,스킨케어,스킨/토너/미스트,미스트,https://image.sivillage.com/upload/C00001/s3/goods/org/179/240617021660179.jpg?RS=450&SP=1&QT=20,AESTURA,에스트라 아토베리어365 크림미스트 120ml,120ml,"15,300",15%,5,1,N/A,,,세일
뷰티,스킨케어,스킨/토너/미스트,미스트,https://image.sivillage.com/upload/C00001/s3/goods/org/738/240830029829738.jpg?RS=450&SP=1&QT=20,JUNG SAEM MOOL,[정샘물] 에센셜 물 마이크로 피팅 미스트 55ml,55ml,"17,000",15%,5,5,N/A,,,N/A
뷰티,스킨케어,스킨/토너/미스트,미스트,https://image.sivillage.com/upload/C00001/s3/goods/org/428/240828029440428.jpg?RS=450&SP=1&QT=20,d`Alba,[달바] 화이트 트러플 퍼스트 스프레이 세럼 100ml,100ml,"23,920",20%,5,2,N/A,,,N/A
뷰티,스킨케어,스킨/토너/미스트,미스트,https://image.sivillage.com/upload/C00001/s3/goods/org/077/240826029299077.jpg?RS=450&SP=1&QT=20,d`Alba,[달바] 화이트 트러플 바이탈 스프레이 세럼 100ml,100ml,"23,200",20%,5,1,N/A,,,N/A
뷰티,스킨케어,스킨/토너/미스트,미스트,https://image.sivillage.com/upload/C00001/s3/goods/org/663/240827029314663.jpg?RS=450&SP=1&QT=20,3CE,[3CE] 3CE 메이크업 픽서 미스트,N/A,"14,400",20%,N/A,N/A,N/A,,,N/A
뷰티,스킨케어,스킨/토너/미스트,미스트,https://image.sivillage.com/upload/C00001/s3/goods/org/279/240817028078279.jpg?RS=450&SP=1&QT=20,3CE,[3CE] 3CE 쉬머 메이크업 픽서 미스트,N/A,"14,400",20%,5,5,N/A,,,N/A
뷰티,스킨케어,스킨/토너/미스트,미스트,https://image.sivillage.com/upload/C00001/s3/goods/org/360/240712024489360.jpg?RS=450&SP=1,CELLAPY,[셀라피] 에이리페어 크림 미스트 150ml,150ml,"18,200",30%,5,1,N/A,,,N/A
뷰티,스킨케어,스킨/토너/미스트,미스트,https://image.sivillage.com/upload/C00001/s3/goods/org/164/240614021242164.jpg?RS=450&SP=1,FACE FACTORY,페이스팩토리 기미개선 멜라오버 미스트 120ml,120ml,"14,310",71%,4.9,47,N/A,,,세일
뷰티,스킨케어,스킨/토너/미스트,미스트,https://image.sivillage.com/upload/C00001/s3/goods/org/905/240831030006905.jpg?RS=450&SP=1,KAHI,[가히] [KAHI] 가히 링클바운스 콜라겐 미스트앰플 (100ml),(100ml),"22,050",50%,5,1,N/A,,,N/A
뷰티,스킨케어,스킨/토너/미스트,미스트,https://image.sivillage.com/upload/C00001/s3/goods/org/623/240708024182623.jpg?RS=450&SP=1,MEDIPEEL,[메디필] 펩타이드9 아쿠아 볼륨 톡스 미스트 프로 50ml,50ml,"17,820",55%,N/A,N/A,N/A,,,세일
