top_category_name,middle_category_name,bottom_category_name,sub_category_name,image_src,brand,name,volume,price,discount_rate,rating,review_count,delivery_info,color_image_src,color_name,bedge
뷰티,메이크업,아이 메이크업,마스카라,https://image.sivillage.com/upload/C00001/goods/org/240/231023006651240.jpg?RS=450&SP=1,HERMÈS,트레 데르메스 리바이탈라이징 케어 마스카라 래쉬 투 래쉬 볼륨 01 느와 퓌쟁,N/A,N/A,N/A,4.5,9,N/A,"https://image.sivillage.com/upload/C00001/goods/color/color_040030_231023165502.jpg,https://image.sivillage.com/upload/C00001/goods/color/color_050140_231023165524.jpg,https://image.sivillage.com/upload/C00001/goods/color/color_060204_231023165541.jpg,https://image.sivillage.com/upload/C00001/goods/color/color_110051_231023165557.jpg,https://image.sivillage.com/upload/C00001/goods/color/color_100052_231023165613.jpg,https://image.sivillage.com/upload/C00001/goods/color/color_120042_231023165630.jpg","01 느와 퓌쟁,02 브렁 비스트르,03 루즈 아쉬,04 블루 앙크르,05 베르 티티앵,06 비올렛 인디고",N/A
뷰티,메이크업,아이 메이크업,마스카라,https://image.sivillage.com/upload/C00001/goods/org/138/210514001229138.jpg?RS=450&SP=1,HOURGLASS,큐레이터 래쉬 인스트루먼트,N/A,"99,900",10%,4.5,11,N/A,,,N/A
뷰티,메이크업,아이 메이크업,마스카라,https://image.sivillage.com/upload/C00001/goods/org/035/190416000277035.jpg?RS=450&SP=1,VIDIVICI,퍼펙트 마스카라 (01 콜 블랙),N/A,"31,500",10%,4.9,71,N/A,,,N/A
뷰티,메이크업,아이 메이크업,마스카라,https://image.sivillage.com/upload/C00001/goods/org/134/210514001229134.jpg?RS=450&SP=1,HOURGLASS,언락드 마스카라,N/A,"41,400",10%,4.8,72,N/A,,,N/A
뷰티,메이크업,아이 메이크업,마스카라,https://image.sivillage.com/upload/C00001/s3/goods/org/114/231205007294114.jpg?RS=450&SP=1&QT=20,VIDIVICI,3D 맥시마이징 듀얼 마스카라 (02 베어 브라운 + 블랙),N/A,"27,000",10%,5,22,N/A,,,N/A
뷰티,메이크업,아이 메이크업,마스카라,https://image.sivillage.com/upload/C00001/s3/goods/org/370/240304009751370.jpg?RS=450&SP=1&QT=20,DOLCE & GABBANA BEAUTY,에버풀 XL 익스트림 볼륨 앤 리프트 마스카라,N/A,"43,200",10%,5,20,N/A,,,N/A
뷰티,메이크업,아이 메이크업,마스카라,https://image.sivillage.com/upload/C00001/goods/org/823/190425000289823.jpg?RS=450&SP=1&QT=20,HOURGLASS,커션 익스트림 래쉬 마스카라,N/A,"41,400",10%,4.7,49,N/A,,,N/A
뷰티,메이크업,아이 메이크업,마스카라,https://image.sivillage.com/upload/C00001/s3/goods/org/232/231205007294232.jpg?RS=450&SP=1&QT=20,VIDIVICI,3D 맥시마이징 듀얼 마스카라 (01 블론드 브라운 + 블랙),N/A,"27,000",10%,5,7,N/A,,,N/A
뷰티,메이크업,아이 메이크업,마스카라,https://image.sivillage.com/upload/C00001/s3/goods/org/887/240827029415887.jpg?RS=450&SP=1&QT=20,CLINIQUE,[크리니크] 래쉬 파워 마스카라 다크 초콜릿 6ml,6ml,"39,600",10%,N/A,N/A,N/A,,,N/A
뷰티,메이크업,아이 메이크업,마스카라,https://image.sivillage.com/upload/C00001/s3/goods/org/344/240901030132344.jpg?RS=450&SP=1&QT=20,CLINIQUE,[크리니크] 래쉬 파워 마스카라,N/A,"39,600",10%,5,6,N/A,,,N/A
뷰티,메이크업,아이 메이크업,마스카라,https://image.sivillage.com/upload/C00001/s3/goods/org/101/240831030130101.jpg?RS=450&SP=1&QT=20,MUDE,[뮤드] 뮤드 인스파이어 스키니 컬링 & 멀티 픽서 마스카라,N/A,"12,600",10%,N/A,N/A,N/A,,,N/A
뷰티,메이크업,아이 메이크업,마스카라,https://image.sivillage.com/upload/C00001/s3/goods/org/091/240409013257091.jpg?RS=450&SP=1&QT=20,ANNA SUI,안나수이 볼륨 마스카라_이지워셔블,N/A,"36,000",10%,5,1,N/A,,,N/A
뷰티,메이크업,아이 메이크업,마스카라,https://image.sivillage.com/upload/C00001/s3/goods/org/076/240828029608076.jpg?RS=450&SP=1&QT=20,MUDE,[뮤드] 인스파이어 롱래쉬 컬링 마스카라 #블랙,N/A,"17,100",10%,N/A,N/A,N/A,,,N/A
뷰티,메이크업,아이 메이크업,마스카라,https://image.sivillage.com/upload/C00001/s3/goods/org/191/240716024707191.jpg?RS=450&SP=1&QT=20,FIVEVIBE,[파이브바이브] [단독] 인텐스 파워 래쉬업 마스카라 기획세트,N/A,N/A,N/A,N/A,N/A,N/A,,,N/A
뷰티,메이크업,아이 메이크업,마스카라,https://image.sivillage.com/upload/C00001/s3/goods/org/891/240601019175891.jpg?RS=450&SP=1&QT=20,MADPEACH,[매드피치] 퓨어 래쉬 마스카라 01 듀이블랙,N/A,N/A,N/A,N/A,N/A,N/A,,,N/A
뷰티,메이크업,아이 메이크업,마스카라,https://image.sivillage.com/upload/C00001/s3/goods/org/814/240408013200814.png?RS=450&SP=1&QT=20,ODEAR,오데어 엔더믹 10MGF 아이래쉬 틴팅 솔루션 10ml,10ml,"44,100",10%,N/A,N/A,N/A,,,N/A
뷰티,메이크업,아이 메이크업,마스카라,https://image.sivillage.com/upload/C00001/s3/goods/org/929/240821028513929.jpg?RS=450&SP=1&QT=20,MUDE,[뮤드] [이득템] 인스파이어 롱래쉬 컬링 마스카라 미니 리무버 증정기획,N/A,"17,100",10%,5,1,N/A,,,N/A
뷰티,메이크업,아이 메이크업,마스카라,https://image.sivillage.com/upload/C00001/s3/goods/org/683/240306009847683.jpg?RS=450&SP=1&QT=20,2aN,롱 래쉬 마스카라,N/A,N/A,N/A,5,1,N/A,,,N/A
뷰티,메이크업,아이 메이크업,마스카라,https://image.sivillage.com/upload/C00001/s3/goods/org/488/240610020568488.jpg?RS=450&SP=1&QT=20,KISSME,[키스미] 히로인메이크 롱앤컬/볼륨앤컬 마스카라 EX,N/A,N/A,N/A,N/A,N/A,N/A,,,N/A
뷰티,메이크업,아이 메이크업,마스카라,https://image.sivillage.com/upload/C00001/s3/goods/org/605/240426014811605.jpg?RS=450&SP=1&QT=20,PAUL&JOE,폴앤조 워터프루프 마스카라 듀오,N/A,"38,700",10%,N/A,N/A,N/A,,,N/A
뷰티,메이크업,아이 메이크업,마스카라,https://image.sivillage.com/upload/C00001/goods/org/795/230704005611795.png?RS=450&SP=1&QT=20,ODEAR,오데어 누디 마스카라 블랙 7.5g,N/A,"16,200",10%,5,4,N/A,,,N/A
뷰티,메이크업,아이 메이크업,마스카라,https://image.sivillage.com/upload/C00001/s3/goods/org/618/240701023171618.jpg?RS=450&SP=1&QT=20,KISSME,[키스미] 히로인메이크 롱앤컬/볼륨앤컬 마스카라 어드밴스드 필름 01 딥블랙,N/A,N/A,N/A,5,1,N/A,,,N/A
뷰티,메이크업,아이 메이크업,마스카라,https://image.sivillage.com/upload/C00001/s3/goods/org/397/240801025838397.jpg?RS=450&SP=1&QT=20,KISSME,[키스미] (NEW) 키스미 히로인메이크 마이크로 마스카라 EX,N/A,N/A,N/A,5,1,N/A,,,N/A
뷰티,메이크업,아이 메이크업,마스카라,https://image.sivillage.com/upload/C00001/goods/org/031/230705005619031.jpg?RS=450&SP=1&QT=20,ODEAR,오데어 볼륨 업 마스카라 7.5g,N/A,"16,200",10%,N/A,N/A,N/A,,,N/A
뷰티,메이크업,아이 메이크업,마스카라,https://image.sivillage.com/upload/C00001/s3/goods/org/156/240821028527156.jpg?RS=450&SP=1&QT=20,ROM&ND,[롬앤] 한올 래쉬 세럼,N/A,N/A,N/A,5,1,N/A,,,N/A
뷰티,메이크업,아이 메이크업,마스카라,https://image.sivillage.com/upload/C00001/s3/goods/org/089/240409013257089.jpg?RS=450&SP=1&QT=20,ANNA SUI,안나수이 더 마스카라 베이스,N/A,"30,600",10%,N/A,N/A,N/A,,,N/A
뷰티,메이크업,아이 메이크업,마스카라,https://image.sivillage.com/upload/C00001/s3/goods/org/631/240801025815631.jpg?RS=450&SP=1&QT=20,KISSME,[키스미] 헤비로테에션 엑스트라 롱/볼륨 마스카라,N/A,N/A,N/A,N/A,N/A,N/A,,,N/A
뷰티,메이크업,아이 메이크업,마스카라,https://image.sivillage.com/upload/C00001/s3/goods/org/726/240306009847726.jpg?RS=450&SP=1&QT=20,2aN,롱 앤 컬링 마스카라(초코브라운),N/A,N/A,N/A,N/A,N/A,N/A,,,N/A
뷰티,메이크업,아이 메이크업,마스카라,https://image.sivillage.com/upload/C00001/s3/goods/org/137/240503015502137.jpg?RS=450&SP=1&QT=20,2aN,볼륨 컬링 마스카라,N/A,N/A,N/A,N/A,N/A,N/A,,,N/A
뷰티,메이크업,아이 메이크업,마스카라,https://image.sivillage.com/upload/C00001/s3/goods/org/097/240422014533097.jpg?RS=450&SP=1&QT=20,PAUL&JOE,폴앤조 비바시떼 아이브로우 마스카라,N/A,"31,500",10%,N/A,N/A,N/A,,,N/A
뷰티,메이크업,아이 메이크업,마스카라,https://image.sivillage.com/upload/C00001/s3/goods/org/090/240409013257090.jpg?RS=450&SP=1&QT=20,ANNA SUI,안나수이 워터프루프 마스카라_롱앤컬,N/A,"36,000",10%,N/A,N/A,N/A,,,N/A
뷰티,메이크업,아이 메이크업,마스카라,https://image.sivillage.com/upload/C00001/s3/goods/org/971/240403012844971.jpg?RS=450&SP=1&QT=20,ANNA SUI,안나수이 수이 블랙 마스카라,N/A,"32,400",10%,N/A,N/A,N/A,,,N/A
뷰티,메이크업,아이 메이크업,마스카라,https://image.sivillage.com/upload/C00001/s3/goods/org/092/240409013257092.jpg?RS=450&SP=1&QT=20,ANNA SUI,안나수이 더 아이래쉬 세럼,N/A,"42,300",10%,5,1,N/A,,,N/A
뷰티,메이크업,아이 메이크업,마스카라,https://image.sivillage.com/upload/C00001/s3/goods/org/916/240801025822916.jpg?RS=450&SP=1&QT=20,KISSME,[키스미] 키스미 히로인메이크 컬 킵 마스카라 베이스 앤 픽서,N/A,N/A,N/A,N/A,N/A,N/A,,,N/A
뷰티,메이크업,아이 메이크업,마스카라,https://image.sivillage.com/upload/C00001/s3/goods/org/015/240801025820015.jpg?RS=450&SP=1&QT=20,KISSME,[키스미] 키스미 마이크로 마스카라 어드밴스드 필름 N,N/A,N/A,N/A,5,2,N/A,,,N/A
뷰티,메이크업,아이 메이크업,마스카라,https://image.sivillage.com/upload/C00001/s3/goods/org/886/240719024886886.jpg?RS=450&SP=1&QT=20,KISSME,[키스미] 히로인메이크 롱앤컬/볼륨앤컬 어드밴스드 필름 02 브라운,N/A,N/A,N/A,N/A,N/A,N/A,,,N/A
뷰티,메이크업,아이 메이크업,마스카라,https://image.sivillage.com/upload/C00001/goods/org/876/230704005611876.png?RS=450&SP=1&QT=20,ODEAR,오데어 누디 마스카라 브라운 7.5g,N/A,"16,200",10%,N/A,N/A,N/A,,,N/A
뷰티,메이크업,아이 메이크업,마스카라,https://image.sivillage.com/upload/C00001/goods/org/971/230907006168971.png?RS=450&SP=1&QT=20,ODEAR,오데어 엔더믹 10MGF 아이래쉬&아이브로우 솔루션 10ml,10ml,"44,100",10%,5,4,N/A,,,N/A
뷰티,메이크업,아이 메이크업,마스카라,https://image.sivillage.com/upload/C00001/s3/goods/org/542/240820028343542.jpg?RS=450&SP=1&QT=20,MUDE,[뮤드] 인스파이어 롱래쉬 컬링 마스카라 #브라운,N/A,"17,100",10%,N/A,N/A,N/A,,,N/A
뷰티,메이크업,아이 메이크업,마스카라,https://image.sivillage.com/upload/C00001/s3/goods/org/800/240829029650800.jpg?RS=450&SP=1&QT=20,MUDE,[뮤드] 인스파이어 볼륨 컬링 마스카라,N/A,"17,100",10%,N/A,N/A,N/A,,,N/A
뷰티,메이크업,아이 메이크업,마스카라,https://image.sivillage.com/upload/C00001/s3/goods/org/987/240822028689987.jpg?RS=450&SP=1&QT=20,MUDE,[뮤드] 트루 아이래쉬 세럼,N/A,"24,300",10%,N/A,N/A,N/A,,,N/A
뷰티,메이크업,아이 메이크업,마스카라,https://image.sivillage.com/upload/C00001/s3/goods/org/357/240826029283357.jpg?RS=450&SP=1&QT=20,FIVEVIBE,[파이브바이브] 파이브바이브 인텐스 파워 래쉬업 마스카라,N/A,N/A,N/A,5,1,N/A,,,N/A
뷰티,메이크업,아이 메이크업,마스카라,https://image.sivillage.com/upload/C00001/s3/goods/org/082/240830029821082.jpg?RS=450&SP=1&QT=20,NARS,[나스] 나스 클라이맥스 마스카라,N/A,"34,200",10%,5,1,N/A,,,N/A
뷰티,메이크업,아이 메이크업,마스카라,https://image.sivillage.com/upload/C00001/s3/goods/org/216/240830029971216.jpg?RS=450&SP=1&QT=20,DEARDAHLIA,[디어달리아] 드림 래쉬 컬러,N/A,N/A,N/A,N/A,N/A,N/A,,,N/A
뷰티,메이크업,아이 메이크업,마스카라,https://image.sivillage.com/upload/C00001/s3/goods/org/515/240830029948515.jpg?RS=450&SP=1&QT=20,KISSME,[키스미] [시코르 단독] 키스미 롱업 마스카라+스피디 리무버 기획세트(,N/A,"17,600",20%,5,2,N/A,,,N/A
뷰티,메이크업,아이 메이크업,마스카라,https://image.sivillage.com/upload/C00001/s3/goods/org/782/240831030122782.jpg?RS=450&SP=1&QT=20,BBIA,[삐아] 네버 다이 마스카라,N/A,"11,200",20%,N/A,N/A,N/A,,,N/A
뷰티,메이크업,아이 메이크업,마스카라,https://image.sivillage.com/upload/C00001/s3/goods/org/705/240831030118705.jpg?RS=450&SP=1&QT=20,BENEFIT,[베네피트] 팬 페스트 마스카라 미니,N/A,"20,400",15%,5,1,N/A,,,N/A
뷰티,메이크업,아이 메이크업,마스카라,https://image.sivillage.com/upload/C00001/s3/goods/org/376/240808026592376.jpg?RS=450&SP=1&QT=20,espoir,[에스쁘아] 에스쁘아 노머징마스카라 워터프루프 XP 1호 클린블랙 (AD),N/A,"19,550",15%,N/A,N/A,N/A,,,N/A
뷰티,메이크업,아이 메이크업,마스카라,https://image.sivillage.com/upload/C00001/s3/goods/org/719/240828029583719.jpg?RS=450&SP=1&QT=20,3CE,[3CE] 슈퍼 슬림 워터프루프 마스카라,N/A,"13,600",20%,5,3,N/A,,,N/A
뷰티,메이크업,아이 메이크업,마스카라,https://image.sivillage.com/upload/C00001/s3/goods/org/252/240808026606252.jpg?RS=450&SP=1&QT=20,espoir,[에스쁘아] 노머징 마스카라 워터프루프 XP,N/A,"19,550",15%,N/A,N/A,N/A,,,N/A
뷰티,메이크업,아이 메이크업,마스카라,https://image.sivillage.com/upload/C00001/s3/goods/org/284/240808026591284.jpg?RS=450&SP=1&QT=20,BENEFIT,[베네피트] 롤러 래시,N/A,"34,000",15%,N/A,N/A,N/A,,,N/A
뷰티,메이크업,아이 메이크업,마스카라,https://image.sivillage.com/upload/C00001/s3/goods/org/445/240801025891445.jpg?RS=450&SP=1&QT=20,JUNG SAEM MOOL,[정샘물] 정샘물 스타일 업 래쉬 마스카라,N/A,"22,100",15%,N/A,N/A,N/A,,,N/A
뷰티,메이크업,아이 메이크업,마스카라,https://image.sivillage.com/upload/C00001/s3/goods/org/346/240809026871346.jpg?RS=450&SP=1&QT=20,BENEFIT,[베네피트] 데아 리얼 마스카라,N/A,"34,000",15%,5,1,N/A,,,N/A
뷰티,메이크업,아이 메이크업,마스카라,https://image.sivillage.com/upload/C00001/s3/goods/org/043/240901030132043.jpg?RS=450&SP=1&QT=20,DEARDAHLIA,[디어달리아] RE 파라다이스 드림 볼륨 앤 롱 래쉬 마스카라,N/A,"21,600",10%,N/A,N/A,N/A,,,N/A
뷰티,메이크업,아이 메이크업,마스카라,https://image.sivillage.com/upload/C00001/s3/goods/org/052/240814027542052.jpg?RS=450&SP=1&QT=20,3CE,[3CE] 슬림 픽스 워터프루프 마스카라,N/A,"16,000",20%,N/A,N/A,N/A,,,N/A
뷰티,메이크업,아이 메이크업,마스카라,https://image.sivillage.com/upload/C00001/s3/goods/org/076/240812027283076.jpg?RS=450&SP=1&QT=20,BENEFIT,"[베네피트] 배드갤 뱅! 비거, 배더 볼류마이징 마스카라",N/A,"34,000",15%,N/A,N/A,N/A,,,N/A
뷰티,메이크업,아이 메이크업,마스카라,https://image.sivillage.com/upload/C00001/s3/goods/org/663/240826029173663.jpg?RS=450&SP=1,KISSME,[키스미] [프리미엄] 키스미 히로인메이크 롱/볼륨 업 마스카라 슈퍼 워터프루프,N/A,"15,400",30%,5,1,N/A,,,N/A
뷰티,메이크업,아이 메이크업,마스카라,https://image.sivillage.com/upload/C00001/s3/goods/org/122/240824029051122.jpg?RS=450&SP=1,KISSME,[키스미] 히로인메이크 롱앤컬/볼륨앤컬 마스카라 P,N/A,"9,800",30%,N/A,N/A,N/A,,,N/A
뷰티,메이크업,아이 메이크업,마스카라,https://image.sivillage.com/upload/C00001/s3/goods/org/365/240819028179365.jpg?RS=450&SP=1,KISSME,[키스미] 키스미 프라임 마스카라 롱 업 딥블랙 기획세트,N/A,"15,400",30%,5,3,N/A,,,N/A
뷰티,메이크업,아이 메이크업,마스카라,https://image.sivillage.com/upload/C00001/s3/goods/org/978/240617021594978.jpg?RS=450&SP=1,FACE FACTORY,페이스팩토리 콜라겐 속눈썹영양제 9ml,9ml,"11,610",58%,4.9,20,N/A,,,세일
