top_category_name,middle_category_name,bottom_category_name,sub_category_name,image_src,brand,name,volume,price,discount_rate,rating,review_count,delivery_info,color_image_src,color_name,bedge
뷰티,메이크업,페이스 메이크업,파운데이션,https://image.sivillage.com/upload/C00001/goods/org/854/220819002976854.jpg?RS=450&SP=1,HERMÈS,에르메스 플랭 에르 내추럴 인행싱 콤플렉시온 밤 00 아망드,N/A,N/A,N/A,4.9,37,N/A,,,N/A
뷰티,메이크업,페이스 메이크업,파운데이션,https://image.sivillage.com/upload/C00001/goods/org/006/230614005425006.jpg?RS=450&SP=1,LAURA MERCIER,[단독구성] 리얼 플로리스 파운데이션 + 브러쉬 세트,N/A,N/A,N/A,5,1,N/A,,,세트
뷰티,메이크업,페이스 메이크업,파운데이션,https://image.sivillage.com/upload/C00001/s3/goods/org/364/240510016372364.jpg?RS=450&SP=1,LAURA MERCIER,[단독구성] 리얼 플로리스 파운데이션 + 컨실러 세트,N/A,N/A,N/A,N/A,N/A,N/A,,,세트
뷰티,메이크업,페이스 메이크업,파운데이션,https://image.sivillage.com/upload/C00001/goods/org/430/230919006423430.jpg?RS=450&SP=1,POIRET,뽀아레 뗑 드 스와 R01,N/A,N/A,N/A,4.8,65,N/A,"https://image.sivillage.com/upload/C00001/goods/color/color_020142_210413141150.jpg,https://image.sivillage.com/upload/C00001/goods/color/color_020149_210413143257.jpg,https://image.sivillage.com/upload/C00001/goods/color/color_020145_210413143113.jpg,https://image.sivillage.com/upload/C00001/goods/color/color_020146_210413143158.jpg,https://image.sivillage.com/upload/C00001/goods/color/color_020147_210413143218.jpg,https://image.sivillage.com/upload/C00001/goods/color/color_020148_210413143237.jpg,https://image.sivillage.com/upload/C00001/goods/color/color_020143_210413141217.jpg","뗑 드 스와 R01,뗑 드 스와 W01,뗑 드 스와 N02,뗑 드 스와 W02,뗑 드 스와 W03,뗑 드 스와 N03,뗑 드 스와 R02",N/A
뷰티,메이크업,페이스 메이크업,파운데이션,https://image.sivillage.com/upload/C00001/goods/org/067/210310001115067.jpg?RS=450&SP=1&QT=20,POIRET,뽀아레 뗑 벨로아 R01,N/A,N/A,N/A,5,17,N/A,"https://image.sivillage.com/upload/C00001/goods/color/color_020141_210413124743.jpg,https://image.sivillage.com/upload/C00001/goods/color/color_020152_210413143439.jpg,https://image.sivillage.com/upload/C00001/goods/color/color_020150_210413143401.jpg","뗑 벨로아 R01,뗑 벨로아 W01,뗑 벨로아 N01",N/A
뷰티,메이크업,페이스 메이크업,파운데이션,https://image.sivillage.com/upload/C00001/s3/goods/org/365/240809026872365.jpg?RS=450&SP=1&QT=20,DOLCE & GABBANA BEAUTY,블루베리 누트리 틴트 3W,N/A,"63,000",10%,5,1,N/A,"https://image.sivillage.com/upload/C00001/goods/color/color_020373_240809093423.jpg,https://image.sivillage.com/upload/C00001/goods/color/color_020372_240809093423.jpg,https://image.sivillage.com/upload/C00001/goods/color/color_020375_240809093423.jpg,https://image.sivillage.com/upload/C00001/goods/color/color_020374_240809093423.jpg,https://image.sivillage.com/upload/C00001/goods/color/color_020371_240809093423.jpg,https://image.sivillage.com/upload/C00001/goods/color/color_020370_240809093423.jpg,https://image.sivillage.com/upload/C00001/goods/color/color_020369_240809093423.jpg,https://image.sivillage.com/upload/C00001/goods/color/color_020368_240809093423.jpg,https://image.sivillage.com/upload/C00001/goods/color/color_020367_240809093423.jpg,https://image.sivillage.com/upload/C00001/goods/color/color_020366_240809093423.jpg,https://image.sivillage.com/upload/C00001/goods/color/color_020380_240809093424.jpg,https://image.sivillage.com/upload/C00001/goods/color/color_020379_240809093423.jpg,https://image.sivillage.com/upload/C00001/goods/color/color_020378_240809093423.jpg,https://image.sivillage.com/upload/C00001/goods/color/color_020377_240809093423.jpg,https://image.sivillage.com/upload/C00001/goods/color/color_020376_240809093423.jpg,https://image.sivillage.com/upload/C00001/goods/color/color_020382_240809093424.jpg,https://image.sivillage.com/upload/C00001/goods/color/color_020381_240809093424.jpg,https://image.sivillage.com/upload/C00001/goods/color/color_020387_240809112538.jpg","3W,5N,1N,2C,6W,7N,9C,10N,11W,12N,15N,16N,17W,18N,19W,21W,22N,24N",N/A
뷰티,메이크업,페이스 메이크업,파운데이션,https://image.sivillage.com/upload/C00001/goods/org/606/230907006174606.jpg?RS=450&SP=1&QT=20,YUNJAC,롱 웨어 포슬린 쿠션 파운데이션 1호,N/A,"59,850",5%,4.8,232,N/A,"https://image.sivillage.com/upload/C00001/goods/color/color_020189_220706152935.jpg,https://image.sivillage.com/upload/C00001/goods/color/color_020188_220706152935.jpg,https://image.sivillage.com/upload/C00001/goods/color/color_020187_220706152935.jpg","1호 아이보리,2호 라이트베이지,3호 내추럴베이지",N/A
뷰티,메이크업,페이스 메이크업,파운데이션,https://image.sivillage.com/upload/C00001/goods/org/253/210129001045253.jpg?RS=450&SP=1&QT=20,YUNJAC,에어리 크림 커버 밤 파운데이션 1호,N/A,"64,600",5%,4.7,54,N/A,"https://image.sivillage.com/upload/C00001/goods/color/color_020103_220718150052.png,https://image.sivillage.com/upload/C00001/goods/color/color_020102_220718150107.png,https://image.sivillage.com/upload/C00001/goods/color/color_020191_220812160309.jpg","10호 라이트,20호 내추럴,1.5호",N/A
뷰티,메이크업,페이스 메이크업,파운데이션,https://image.sivillage.com/upload/C00001/goods/org/081/230829006086081.jpg?RS=450&SP=1&QT=20,YUNJAC,네추럴 피니시 리퀴드 파운데이션 1호40ml,1호40ml,"52,250",5%,5,11,N/A,"https://image.sivillage.com/upload/C00001/goods/color/color_020190_220812160051.jpg,https://image.sivillage.com/upload/C00001/goods/color/color_020192_220812160323.jpg","1호,2호",N/A
뷰티,메이크업,페이스 메이크업,파운데이션,https://image.sivillage.com/upload/C00001/goods/org/714/230816005985714.jpg?RS=450&SP=1&QT=20,VIDIVICI,롱웨어 올 데이 컴포트 파운데이션 (10 라이트),N/A,"58,500",10%,4.9,94,N/A,"https://image.sivillage.com/upload/C00001/goods/color/color_020103_220718150052.png,https://image.sivillage.com/upload/C00001/goods/color/color_020186_220622165541.png","10호 라이트,25 카멜",N/A
뷰티,메이크업,페이스 메이크업,파운데이션,https://image.sivillage.com/upload/C00001/goods/org/248/230907006226248.jpg?RS=450&SP=1&QT=20,YUNJAC,스무딩 커버 컴팩트 파운데이션 1호,N/A,"59,850",5%,4.9,71,N/A,"https://image.sivillage.com/upload/C00001/goods/color/color_020103_220718150052.png,https://image.sivillage.com/upload/C00001/goods/color/color_020102_220718150107.png","10호 라이트,20호 내추럴",N/A
뷰티,메이크업,페이스 메이크업,파운데이션,https://image.sivillage.com/upload/C00001/goods/org/193/230106003782193.jpg?RS=450&SP=1&QT=20,LAURA MERCIER,플로리스 뤼미에르 파운데이션 (1C0 카메오),N/A,"80,100",10%,5,14,N/A,"https://image.sivillage.com/upload/C00001/goods/color/color_020282_221228232558.jpg,https://image.sivillage.com/upload/C00001/goods/color/color_020238_221229000106.jpg,https://image.sivillage.com/upload/C00001/goods/color/color_020281_221228232558.jpg,https://image.sivillage.com/upload/C00001/goods/color/color_020283_221228232558.jpg,https://image.sivillage.com/upload/C00001/goods/color/color_020284_221228232558.jpg,https://image.sivillage.com/upload/C00001/goods/color/color_020285_221228232302.jpg,https://image.sivillage.com/upload/C00001/goods/color/color_020286_221228232302.jpg,https://image.sivillage.com/upload/C00001/goods/color/color_020287_221228232302.jpg","1C0 카메오,1C1 쉘,1N1 크림,1N2 바닐라,1W1 아이보리,2N1 캐슈,2N1.5 베이지,2W1 마카다미아",N/A
뷰티,메이크업,페이스 메이크업,파운데이션,https://image.sivillage.com/upload/C00001/goods/org/189/230907006291189.jpg?RS=450&SP=1&QT=20,HOURGLASS,배니쉬 파운데이션 스틱 (블랑 1),N/A,"63,000",10%,4.8,174,N/A,"https://image.sivillage.com/upload/C00001/goods/color/0000445.jpg,https://image.sivillage.com/upload/C00001/goods/color/0000453.jpg,https://image.sivillage.com/upload/C00001/goods/color/0000454.jpg,https://image.sivillage.com/upload/C00001/goods/color/0000446.jpg,https://image.sivillage.com/upload/C00001/goods/color/0000442.jpg,https://image.sivillage.com/upload/C00001/goods/color/0000443.jpg,https://image.sivillage.com/upload/C00001/goods/color/0000447.jpg,https://image.sivillage.com/upload/C00001/goods/color/0000439.jpg,https://image.sivillage.com/upload/C00001/goods/color/0000444.jpg,https://image.sivillage.com/upload/C00001/goods/color/0000449.jpg,https://image.sivillage.com/upload/C00001/goods/color/0000452.jpg,https://image.sivillage.com/upload/C00001/goods/color/0000411.jpg","블랑,크림,포셀린,비스크,리넨,바닐라,쉘,내츄럴,버프,아이보리,웜아이보리,누드",N/A
뷰티,메이크업,페이스 메이크업,파운데이션,https://image.sivillage.com/upload/C00001/goods/org/492/230613005417492.jpg?RS=450&SP=1&QT=20,LAURA MERCIER,리얼 플로리스 파운데이션 0C1 오팔,N/A,"74,700",10%,5,37,N/A,"https://image.sivillage.com/upload/C00001/goods/color/color_020316_230525152026.jpg,https://image.sivillage.com/upload/C00001/goods/color/color_020315_230525152026.jpg,https://image.sivillage.com/upload/C00001/goods/color/color_020314_230525152026.jpg,https://image.sivillage.com/upload/C00001/goods/color/color_020313_230525152026.jpg,https://image.sivillage.com/upload/C00001/goods/color/color_020312_230525152026.jpg,https://image.sivillage.com/upload/C00001/goods/color/color_020311_230525152025.jpg,https://image.sivillage.com/upload/C00001/goods/color/color_020310_230525152025.jpg,https://image.sivillage.com/upload/C00001/goods/color/color_020309_230525152025.jpg,https://image.sivillage.com/upload/C00001/goods/color/color_020344_231107145030.jpg,https://image.sivillage.com/upload/C00001/goods/color/color_020343_231107145030.jpg,https://image.sivillage.com/upload/C00001/goods/color/color_020342_231107145030.jpg","0C1 오팔,0N1 실크,1C1 쿨 바닐라,1C2 쉬폰,1N2 바닐라,1W1 캐시미어,2C2 소프트 샌드,2N1 캐슈,0W1 새틴,2C1 에크루,2N2 린넨",N/A
뷰티,메이크업,페이스 메이크업,파운데이션,https://image.sivillage.com/upload/C00001/goods/org/314/230103003762314.jpg?RS=450&SP=1&QT=20,LAURA MERCIER,틴티드 모이스춰라이저 오일프리 (1N2 바닐라),N/A,"76,500",10%,5,8,N/A,,,N/A
뷰티,메이크업,페이스 메이크업,파운데이션,https://image.sivillage.com/upload/C00001/goods/org/744/221104003444744.jpg?RS=450&SP=1&QT=20,HOURGLASS,앰비언트 소프트 글로우 파운데이션 - 1호,N/A,"81,000",10%,4.9,98,N/A,"https://image.sivillage.com/upload/C00001/goods/color/color_020190_220812160051.jpg,https://image.sivillage.com/upload/C00001/goods/color/color_020191_220812160309.jpg,https://image.sivillage.com/upload/C00001/goods/color/color_020192_220812160323.jpg,https://image.sivillage.com/upload/C00001/goods/color/color_020193_220812160340.jpg,https://image.sivillage.com/upload/C00001/goods/color/color_020194_220812160351.jpg,https://image.sivillage.com/upload/C00001/goods/color/color_020195_220812160405.jpg,https://image.sivillage.com/upload/C00001/goods/color/color_020196_220812160416.jpg,https://image.sivillage.com/upload/C00001/goods/color/color_020197_220812160429.jpg,https://image.sivillage.com/upload/C00001/goods/color/color_020198_220812160442.jpg,https://image.sivillage.com/upload/C00001/goods/color/color_020199_220812161642.jpg,https://image.sivillage.com/upload/C00001/goods/color/color_020200_220812161642.jpg","1호,1.5호,2호,2.5호,3호,3.5호,4호,4.5호,5호,5.5호,6호",N/A
뷰티,메이크업,페이스 메이크업,파운데이션,https://image.sivillage.com/upload/C00001/s3/goods/org/028/231201007259028.jpg?RS=450&SP=1&QT=20,VIDIVICI,플래티넘 화이트 스팟 컨실러 (01 라이트),N/A,"33,300",10%,4.7,71,N/A,"https://image.sivillage.com/upload/C00001/goods/color/color_020346_231201132207.jpg,https://image.sivillage.com/upload/C00001/goods/color/color_020347_231201132207.jpg","컨실러 01 라이트,컨실러 02 내추럴",N/A
뷰티,메이크업,페이스 메이크업,파운데이션,https://image.sivillage.com/upload/C00001/s3/goods/org/334/240829029814334.jpg?RS=450&SP=1&QT=20,MAKE UP FOR EVER,[메이크업포에버] HD SKIN 하이드라 글로우 파운데이션 기획 (+2종 증정),N/A,"57,600",20%,N/A,N/A,신규입고,,,N/A
뷰티,메이크업,페이스 메이크업,파운데이션,https://image.sivillage.com/upload/C00001/s3/goods/org/980/240821028527980.jpg?RS=450&SP=1&QT=20,CLE DE PEAU BEAUTE,[끌레드뽀보떼] 래디언트 플루이드 파운데이션 매트,N/A,"153,000",10%,N/A,N/A,N/A,,,N/A
뷰티,메이크업,페이스 메이크업,파운데이션,https://image.sivillage.com/upload/C00001/s3/goods/org/068/240821028529068.jpg?RS=450&SP=1&QT=20,CLE DE PEAU BEAUTE,[끌레드뽀보떼] 래디언트 크림 파운데이션 N,N/A,"153,000",10%,N/A,N/A,N/A,,,N/A
뷰티,메이크업,페이스 메이크업,파운데이션,https://image.sivillage.com/upload/C00001/s3/goods/org/952/240821028527952.jpg?RS=450&SP=1&QT=20,CLE DE PEAU BEAUTE,[끌레드뽀보떼] 래디언트 플루이드 파운데이션 내추럴,N/A,"153,000",10%,N/A,N/A,N/A,,,N/A
뷰티,메이크업,페이스 메이크업,파운데이션,https://image.sivillage.com/upload/C00001/s3/goods/org/962/240223009275962.jpg?RS=450&SP=1&QT=20,HERA,헤라 실키 스테이 24H 롱웨어 파운데이션 30g,N/A,"61,200",12%,5,21,N/A,,,세일
뷰티,메이크업,페이스 메이크업,파운데이션,https://image.sivillage.com/upload/C00001/s3/goods/org/959/240223009275959.jpg?RS=450&SP=1&QT=20,HERA,헤라 스킨 래디언트 글로우 쿠션 본품15g+리필15g,N/A,"61,200",10%,5,25,N/A,,,세일
뷰티,메이크업,페이스 메이크업,파운데이션,https://image.sivillage.com/upload/C00001/s3/goods/org/683/240819028269683.jpg?RS=450&SP=1&QT=20,FEMMUE,[파뮤] NEW 에버 글로우 쿠션,N/A,N/A,N/A,N/A,N/A,N/A,,,N/A
뷰티,메이크업,페이스 메이크업,파운데이션,https://image.sivillage.com/upload/C00001/s3/goods/org/188/240827029308188.jpg?RS=450&SP=1&QT=20,NARS,[나스] 나스 라이트 리플렉팅 파운데이션 (NEW COLOR),N/A,"68,400",10%,N/A,N/A,N/A,,,N/A
뷰티,메이크업,페이스 메이크업,파운데이션,https://image.sivillage.com/upload/C00001/s3/goods/org/841/240821028408841.jpg?RS=450&SP=1&QT=20,MAC,[맥] MAC 스튜디오 래디언스 세럼-파워 파운데이션,N/A,N/A,N/A,N/A,N/A,N/A,,,N/A
뷰티,메이크업,페이스 메이크업,파운데이션,https://image.sivillage.com/upload/C00001/s3/goods/org/569/240831030120569.jpg?RS=450&SP=1&QT=20,NARS,[나스] 라이트 리플렉팅 파운데이션,N/A,"68,400",10%,4.9,36,N/A,,,N/A
뷰티,메이크업,페이스 메이크업,파운데이션,https://image.sivillage.com/upload/C00001/s3/goods/org/744/240831030116744.jpg?RS=450&SP=1&QT=20,NARS,[나스] 네츄럴 래디언트 롱웨어 파운데이션,N/A,"64,800",10%,4.8,5,N/A,,,N/A
뷰티,메이크업,페이스 메이크업,파운데이션,https://image.sivillage.com/upload/C00001/s3/goods/org/987/240827029415987.jpg?RS=450&SP=1&QT=20,CLINIQUE,[크리니크] 이븐베터 리프레쉬 하이드레이팅 앤 리페어링 메이크업,N/A,"60,300",10%,N/A,N/A,N/A,,,N/A
뷰티,메이크업,페이스 메이크업,파운데이션,https://image.sivillage.com/upload/C00001/s3/goods/org/966/240223009275966.jpg?RS=450&SP=1&QT=20,HERA,헤라 글로우 래스팅 파운데이션 30g,N/A,"63,000",10%,5,5,N/A,,,세일
뷰티,메이크업,페이스 메이크업,파운데이션,https://image.sivillage.com/upload/C00001/s3/goods/org/761/240828029556761.jpg?RS=450&SP=1&QT=20,NARS,[나스] 쉬어 글로우 파운데이션,N/A,"61,200",10%,5,1,N/A,,,N/A
뷰티,메이크업,페이스 메이크업,파운데이션,https://image.sivillage.com/upload/C00001/s3/goods/org/623/240522017929623.jpg?RS=450&SP=1&QT=20,PAUL&JOE,폴앤조 젤 파운데이션 S SPF25 PA++,N/A,"61,200",10%,N/A,N/A,N/A,,,N/A
뷰티,메이크업,페이스 메이크업,파운데이션,https://image.sivillage.com/upload/C00001/s3/goods/org/103/240830029955103.jpg?RS=450&SP=1&QT=20,CLINIQUE,[크리니크] 이븐 베터 리프레쉬 파운데이션 크림 베이지,N/A,"60,300",10%,N/A,N/A,N/A,,,N/A
뷰티,메이크업,페이스 메이크업,파운데이션,https://image.sivillage.com/upload/C00001/s3/goods/org/878/240825029164878.jpg?RS=450&SP=1&QT=20,NARS,[나스] 소프트 매트 컴플리트 파운데이션,N/A,"61,200",10%,4.6,3,N/A,,,N/A
뷰티,메이크업,페이스 메이크업,파운데이션,https://image.sivillage.com/upload/C00001/s3/goods/org/013/240624022478013.png?RS=450&SP=1&QT=20,CHEONGDAM30,청담30 [청담동베이스메이크업] 아우라톤업크리에이터 50ml + 에센스팩트 21호/23호 13g,50ml,"123,930",23%,N/A,N/A,N/A,,,세일
뷰티,메이크업,페이스 메이크업,파운데이션,https://image.sivillage.com/upload/C00001/s3/goods/org/612/240613021024612.png?RS=450&SP=1&QT=20,CHEONGDAM30,청담30 [24시간베이스메이크업] 올인원에센스 100ml + 아우라톤업크리에이터 50ml,100ml,"156,060",23%,5,1,N/A,,,세일
뷰티,메이크업,페이스 메이크업,파운데이션,https://image.sivillage.com/upload/C00001/s3/goods/org/059/240426014793059.jpg?RS=450&SP=1&QT=20,PAUL&JOE,폴앤조 크림 파운데이션,N/A,"54,000",10%,N/A,N/A,N/A,,,N/A
뷰티,메이크업,페이스 메이크업,파운데이션,https://image.sivillage.com/upload/C00001/s3/goods/org/793/240125008391793.jpg?RS=450&SP=1&QT=20,SULWHASOO,설화수 퍼펙팅 파운데이션 35ml SPF17 PA+ (옵션),35ml,N/A,N/A,5,3,N/A,,,N/A
뷰티,메이크업,페이스 메이크업,파운데이션,https://image.sivillage.com/upload/C00001/s3/goods/org/750/240827029425750.jpg?RS=450&SP=1&QT=20,MAC,[맥] NEW 스튜디오 픽스 플루이드 SPF25/PA++ 파운데이션,N/A,N/A,N/A,N/A,N/A,N/A,,,N/A
뷰티,메이크업,페이스 메이크업,파운데이션,https://image.sivillage.com/upload/C00001/s3/goods/org/396/240901030133396.jpg?RS=450&SP=1&QT=20,MAC,[맥] 스튜디오 퍼펙트 SPF15/PA++ 파운데이션 래디언스 콤플렉스 (리필),N/A,"53,200",5%,5,3,N/A,,,N/A
뷰티,메이크업,페이스 메이크업,파운데이션,https://image.sivillage.com/upload/C00001/s3/goods/org/628/240329012387628.jpg?RS=450&SP=1&QT=20,HERA,헤라 블랙 쿠션 리필 15g,N/A,"34,200",10%,5,5,N/A,,,세일
뷰티,메이크업,페이스 메이크업,파운데이션,https://image.sivillage.com/upload/C00001/s3/goods/org/014/240815027708014.jpg?RS=450&SP=1&QT=20,ESTEE LAUDER,[에스티로더] 더블웨어 쉬어매트 파운데이션,N/A,"76,500",15%,N/A,N/A,N/A,,,N/A
뷰티,메이크업,페이스 메이크업,파운데이션,https://image.sivillage.com/upload/C00001/s3/goods/org/350/240831030005350.jpg?RS=450&SP=1&QT=20,ESTEE LAUDER,[에스티로더] 더블웨어 파운데이션,N/A,"77,350",15%,4.9,44,N/A,,,N/A
뷰티,메이크업,페이스 메이크업,파운데이션,https://image.sivillage.com/upload/C00001/s3/goods/org/746/240831030007746.jpg?RS=450&SP=1&QT=20,ESTEE LAUDER,[에스티로더] 에스티 로더 퓨처리스트 아쿠아 브릴리언스 파운데이션,N/A,"93,500",15%,5,11,N/A,,,N/A
뷰티,메이크업,페이스 메이크업,파운데이션,https://image.sivillage.com/upload/C00001/s3/goods/org/858/240831030122858.jpg?RS=450&SP=1&QT=20,MAKE UP FOR EVER,"[메이크업포에버] [8월] HD SKIN 파운데이션 기획(+미니립, 퍼프 2매)",N/A,"61,200",15%,N/A,N/A,N/A,,,N/A
뷰티,메이크업,페이스 메이크업,파운데이션,https://image.sivillage.com/upload/C00001/s3/goods/org/563/240703023451563.jpg?RS=450&SP=1&QT=20,HERA,헤라 스킨 래디언트 글로우 쿠션 리필 15G,N/A,"32,400",10%,5,18,N/A,,,세일
뷰티,메이크업,페이스 메이크업,파운데이션,https://image.sivillage.com/upload/C00001/s3/goods/org/149/240820028334149.jpg?RS=450&SP=1&QT=20,koy,[미니어처 2종 증정] 코이 블룸 글로우 올데이 실키 쿠션 (리필포함) + 볼륨 앰플 10ml + 코어 크림 25ml,10ml,"52,700",15%,5,4,N/A,,,세일
뷰티,메이크업,페이스 메이크업,파운데이션,https://image.sivillage.com/upload/C00001/s3/goods/org/035/240725025265035.jpg?RS=450&SP=1&QT=20,QUA-T,[콰티] 비비샤르 프랑스 비건 파운데이션,N/A,N/A,N/A,N/A,N/A,N/A,,,N/A
뷰티,메이크업,페이스 메이크업,파운데이션,https://image.sivillage.com/upload/C00001/s3/goods/org/404/240328012296404.jpg?RS=450&SP=1&QT=20,ANNA SUI,안나수이 UV 비비 크림 SPF50+ PA++++,N/A,"43,200",10%,N/A,N/A,N/A,,,N/A
뷰티,메이크업,페이스 메이크업,파운데이션,https://image.sivillage.com/upload/C00001/s3/goods/org/888/240810027042888.jpg?RS=450&SP=1&QT=20,BOBBI BROWN,[바비브라운] NEW 인텐시브 세럼 파운데이션 SPF40 PA++++,N/A,"86,700",15%,5,6,N/A,,,N/A
뷰티,메이크업,페이스 메이크업,파운데이션,https://image.sivillage.com/upload/C00001/s3/goods/org/566/240424014636566.jpg?RS=450&SP=1&QT=20,2aN,롱 웨어링 파운데이션,N/A,N/A,N/A,N/A,N/A,N/A,,,N/A
뷰티,메이크업,페이스 메이크업,파운데이션,https://image.sivillage.com/upload/C00001/s3/goods/org/104/240826029284104.jpg?RS=450&SP=1&QT=20,MAKE UP FOR EVER,[메이크업포에버] HD SKIN 하이드라글로우 파운데이션,N/A,"61,200",15%,5,1,N/A,,,N/A
뷰티,메이크업,페이스 메이크업,파운데이션,https://image.sivillage.com/upload/C00001/goods/org/444/230504004962444.png?RS=450&SP=1&QT=20,GRAFEN,매치 업 파운데이션 40ml,40ml,"24,000",7%,N/A,N/A,N/A,,,N/A
뷰티,메이크업,페이스 메이크업,파운데이션,https://image.sivillage.com/upload/C00001/s3/goods/org/491/240801025832491.jpg?RS=450&SP=1&QT=20,MADPEACH,[매드피치] 스타일핏 파운데이션,N/A,N/A,N/A,N/A,N/A,N/A,,,N/A
뷰티,메이크업,페이스 메이크업,파운데이션,https://image.sivillage.com/upload/C00001/s3/goods/org/167/240831030130167.jpg?RS=450&SP=1&QT=20,URBAN DECAY,[어반디케이] 페이스 본드 파운데이션,N/A,"50,150",15%,N/A,N/A,N/A,,,N/A
뷰티,메이크업,페이스 메이크업,파운데이션,https://image.sivillage.com/upload/C00001/s3/goods/org/458/240825029169458.jpg?RS=450&SP=1&QT=20,MAKE UP FOR EVER,[메이크업포에버] HD SKIN 파우더 파운데이션,N/A,"62,900",15%,4.6,5,N/A,,,N/A
뷰티,메이크업,페이스 메이크업,파운데이션,https://image.sivillage.com/upload/C00001/s3/goods/org/318/240612020934318.png?RS=450&SP=1,CHEONGDAM30,청담30 아우라톤업크리에이터 50ml,50ml,"63,990",19%,1,1,N/A,,,세일
뷰티,메이크업,페이스 메이크업,파운데이션,https://image.sivillage.com/upload/C00001/s3/goods/org/146/240808026620146.jpg?RS=450&SP=1,HINCE,[힌스] 세컨 스킨 파운데이션,N/A,"34,200",5%,3,2,N/A,,,N/A
뷰티,메이크업,페이스 메이크업,파운데이션,https://image.sivillage.com/upload/C00001/s3/goods/org/925/240830029829925.jpg?RS=450&SP=1,MAKE UP FOR EVER,[메이크업포에버] HD SKIN 파운데이션 30ml,30ml,"61,200",15%,5,11,N/A,,,N/A
뷰티,메이크업,페이스 메이크업,파운데이션,https://image.sivillage.com/upload/C00001/s3/goods/org/380/240825029170380.jpg?RS=450&SP=1,MAKE UP FOR EVER,[메이크업포에버] HD SKIN 하이드라 글로우 파운데이션기획 (+3종),N/A,"57,600",20%,5,4,N/A,,,N/A
뷰티,메이크업,페이스 메이크업,파운데이션,https://image.sivillage.com/upload/C00001/s3/goods/org/043/240810027035043.jpg?RS=450&SP=1,espoir,[에스쁘아] 에스쁘아 프로테일러 파운데이션 비벨벳,N/A,"34,000",15%,N/A,N/A,N/A,,,N/A
뷰티,메이크업,페이스 메이크업,파운데이션,https://image.sivillage.com/upload/C00001/s3/goods/org/944/240830029990944.jpg?RS=450&SP=1,DINTO,[딘토] 운초 블러글로이 파운데이션,N/A,"28,800",20%,N/A,N/A,N/A,,,N/A
뷰티,메이크업,페이스 메이크업,파운데이션,https://image.sivillage.com/upload/C00001/s3/goods/org/498/240829029790498.jpg?RS=450&SP=1&QT=20,espoir,[에스쁘아] 에스쁘아 비벨벳 플루이드 파운데이션,N/A,"29,600",20%,N/A,N/A,N/A,,,N/A
뷰티,메이크업,페이스 메이크업,파운데이션,https://image.sivillage.com/upload/C00001/s3/goods/org/218/240831030127218.jpg?RS=450&SP=1&QT=20,MAKE UP FOR EVER,[메이크업포에버] 에이치디스킨 파운데이션 미니 12ML,12ML,"33,150",15%,4.7,4,N/A,,,N/A
뷰티,메이크업,페이스 메이크업,파운데이션,https://image.sivillage.com/upload/C00001/s3/goods/org/904/240831030114904.jpg?RS=450&SP=1&QT=20,JUNG SAEM MOOL,[정샘물] 정샘물 스킨 누더 파운데이션,N/A,"44,200",15%,5,1,N/A,,,N/A
뷰티,메이크업,페이스 메이크업,파운데이션,https://image.sivillage.com/upload/C00001/s3/goods/org/465/240827029420465.jpg?RS=450&SP=1&QT=20,MAKE UP FOR EVER,[메이크업포에버] HD SKIN 쿠션 리필,N/A,"40,800",15%,N/A,N/A,N/A,,,N/A
뷰티,메이크업,페이스 메이크업,파운데이션,https://image.sivillage.com/upload/C00001/goods/org/865/230504004961865.png?RS=450&SP=1&QT=20,GRAFEN,에어 커버 스틱 파운데이션,N/A,"34,000",10%,N/A,N/A,N/A,,,N/A
뷰티,메이크업,페이스 메이크업,파운데이션,https://image.sivillage.com/upload/C00001/s3/goods/org/573/240801025860573.jpg?RS=450&SP=1&QT=20,PRIMERA,프리메라 13-프리 세라펩타이드 세럼 파운데이션 30ml SPF30 PA++,30ml,"32,300",15%,5,1,N/A,,,세일
뷰티,메이크업,페이스 메이크업,파운데이션,https://image.sivillage.com/upload/C00001/s3/goods/org/494/240825029156494.jpg?RS=450&SP=1&QT=20,DINTO,[딘토] 운초 블러매트 파운데이션 2종,N/A,"28,800",20%,5,1,N/A,,,N/A
뷰티,메이크업,페이스 메이크업,파운데이션,https://image.sivillage.com/upload/C00001/goods/org/924/230913006376924.jpg?RS=450&SP=1&QT=20,LANEIGE,라네즈 네오 파운데이션 글로우 30ml SPF16 PA++,30ml,"32,000",20%,5,1,N/A,,,세일
뷰티,메이크업,페이스 메이크업,파운데이션,https://image.sivillage.com/upload/C00001/s3/goods/org/294/240808026597294.jpg?RS=450&SP=1&QT=20,espoir,[에스쁘아] 에스쁘아 비글로우파운데이션 뉴클래스,N/A,"34,000",15%,5,1,N/A,,,N/A
뷰티,메이크업,페이스 메이크업,파운데이션,https://image.sivillage.com/upload/C00001/s3/goods/org/131/240828029555131.jpg?RS=450&SP=1&QT=20,THE SAEM,[더샘] 더샘 커버 퍼펙션 컨실러 파운데이션,N/A,"13,600",15%,5,1,N/A,,,N/A
뷰티,메이크업,페이스 메이크업,파운데이션,https://image.sivillage.com/upload/C00001/s3/goods/org/472/240830029832472.jpg?RS=450&SP=1&QT=20,MAKE UP FOR EVER,[메이크업포에버] HD SKIN 하이드라 글로우 파운데이션 미니,N/A,"33,150",15%,5,1,N/A,,,N/A
뷰티,메이크업,페이스 메이크업,파운데이션,https://image.sivillage.com/upload/C00001/goods/org/029/230913006377029.jpg?RS=450&SP=1&QT=20,LANEIGE,라네즈 네오 파운데이션 매트 30ml SPF16 PA++,30ml,"32,000",20%,5,1,N/A,,,세일
