top_category_name,middle_category_name,bottom_category_name,sub_category_name,image_src,brand,name,volume,price,discount_rate,rating,review_count,delivery_info,color_image_src,color_name,bedge
뷰티,메이크업,아이 메이크업,아이섀도우,https://image.sivillage.com/upload/C00001/s3/goods/org/507/231214007479507.jpg?RS=450&SP=1,HOURGLASS,앰비언트 팔레트 - 볼륨I,N/A,"93,600",10%,4.9,324,N/A,"https://image.sivillage.com/upload/C00001/upload1/product/colorChip/19_01_%EB%A9%80%ED%8B%B0.png,https://image.sivillage.com/upload/C00001/goods/color/0000936.png","멀티,볼륨",N/A
뷰티,메이크업,아이 메이크업,아이섀도우,https://image.sivillage.com/upload/C00001/s3/goods/org/244/240822028698244.jpg?RS=450&SP=1,LAURA MERCIER,캐비어 스틱 아이섀도우 트리오,N/A,"85,500",10%,N/A,N/A,N/A,,,N/A
뷰티,메이크업,아이 메이크업,아이섀도우,https://image.sivillage.com/upload/C00001/goods/org/918/231023006650918.jpg?RS=450&SP=1,HERMÈS,옹브르 데르메스 컬러 팔레트 세트 오브 포 아이섀도우 01 옹브르 페탈,N/A,N/A,N/A,4.9,26,N/A,"https://image.sivillage.com/upload/C00001/goods/color/color_150046_231023165442.jpg,https://image.sivillage.com/upload/C00001/goods/color/color_150045_231023165442.jpg,https://image.sivillage.com/upload/C00001/goods/color/color_150044_231023165442.jpg,https://image.sivillage.com/upload/C00001/goods/color/color_150043_231023165442.jpg,https://image.sivillage.com/upload/C00001/goods/color/color_150042_231023165442.jpg,https://image.sivillage.com/upload/C00001/goods/color/color_150041_231023165442.jpg","01 옹브르 페탈,02 옹브르 베제탈,03 옹브르 포브,04 옹브르 마린,05 옹브르 퓌메,06 옹브르 모르도레",N/A
뷰티,메이크업,아이 메이크업,아이섀도우,https://image.sivillage.com/upload/C00001/goods/org/088/230102003758088.jpg?RS=450&SP=1,LAURA MERCIER,캐비어 스틱 아이 컬러 (누드 로즈),N/A,"47,700",10%,5,59,N/A,"https://image.sivillage.com/upload/C00001/goods/color/color_070218_221229004135.jpg,https://image.sivillage.com/upload/C00001/goods/color/color_070221_231120145915.png,https://image.sivillage.com/upload/C00001/goods/color/color_020216_221229001403.jpg,https://image.sivillage.com/upload/C00001/goods/color/color_070222_221229004135.jpg,https://image.sivillage.com/upload/C00001/goods/color/color_070223_221229004135.jpg,https://image.sivillage.com/upload/C00001/goods/color/color_070224_221229004135.jpg,https://image.sivillage.com/upload/C00001/goods/color/color_070244_221229003711.jpg,https://image.sivillage.com/upload/C00001/goods/color/color_020267_221228233923.jpg,https://image.sivillage.com/upload/C00001/goods/color/color_050112_230102133900.jpg,https://image.sivillage.com/upload/C00001/goods/color/color_050131_230829140344.jpg,https://image.sivillage.com/upload/C00001/goods/color/color_050130_230829140344.jpg,https://image.sivillage.com/upload/C00001/goods/color/color_050129_230829140343.jpg,https://image.sivillage.com/upload/C00001/goods/color/color_050128_230829140343.jpg,https://image.sivillage.com/upload/C00001/goods/color/color_050127_230829140343.jpg,https://image.sivillage.com/upload/C00001/goods/color/color_050126_230829140343.jpg,https://image.sivillage.com/upload/C00001/goods/color/color_050125_230829140343.jpg,https://image.sivillage.com/upload/C00001/goods/color/color_050124_230829140343.jpg,https://image.sivillage.com/upload/C00001/goods/color/color_050123_230829140343.jpg","누드 로즈,라즈베리,메탈릭 토프,선라이즈,스트랩리스,시에나,로즈 골드,아메시스트,카퍼,3 피치,9 더스크,12 듄,13 오네추럴,14 세피아,15 브릭,16 다크 카카오,17 카라멜,19 카페누아",N/A
뷰티,메이크업,아이 메이크업,아이섀도우,https://image.sivillage.com/upload/C00001/s3/goods/org/543/240808026713543.jpg?RS=450&SP=1&QT=20,DOLCE & GABBANA BEAUTY,아이 데어 유 팔레트,N/A,N/A,N/A,N/A,N/A,N/A,,,N/A
뷰티,메이크업,아이 메이크업,아이섀도우,https://image.sivillage.com/upload/C00001/goods/org/971/230816005986971.jpg?RS=450&SP=1&QT=20,VIDIVICI,밀레니얼 앰비언트 글로우 아이즈 (01 누디 글래어),N/A,"58,500",10%,4.9,88,N/A,"https://image.sivillage.com/upload/C00001/goods/color/color_050100_221025124756.jpg,https://image.sivillage.com/upload/C00001/goods/color/color_070214_221025124640.jpg,https://image.sivillage.com/upload/C00001/goods/color/color_150050_231129134627.jpg","01 누디 글래어,02 로지 프로스트,03 올 댓 스페이스",N/A
뷰티,메이크업,아이 메이크업,아이섀도우,https://image.sivillage.com/upload/C00001/goods/org/668/231011006571668.jpg?RS=450&SP=1&QT=20,LAURA MERCIER,아이즈 인 블룸 아이섀도우 팔레트,N/A,"62,100",10%,4.9,23,N/A,,,N/A
뷰티,메이크업,아이 메이크업,아이섀도우,https://image.sivillage.com/upload/C00001/goods/org/071/230102003760071.jpg?RS=450&SP=1&QT=20,LAURA MERCIER,로즈글로우 캐비어 스틱 아이 컬러 (스트라이크 어 로즈),N/A,"47,700",10%,4.9,30,N/A,"https://image.sivillage.com/upload/C00001/goods/color/color_070242_221229003711.jpg,https://image.sivillage.com/upload/C00001/goods/color/color_070241_221229003712.jpg","스트라이크 어 로즈 #3,포비든 로즈 #5",N/A
뷰티,메이크업,아이 메이크업,아이섀도우,https://image.sivillage.com/upload/C00001/goods/org/709/230102003758709.jpg?RS=450&SP=1&QT=20,LAURA MERCIER,러스터 아이 컬러 (아프리칸 바이올렛),N/A,"42,300",10%,5,7,N/A,"https://image.sivillage.com/upload/C00001/goods/color/color_120035_221229002212.jpg,https://image.sivillage.com/upload/C00001/goods/color/color_100046_221228094547.jpg","아프리칸 바이올렛,토파즈",N/A
뷰티,메이크업,아이 메이크업,아이섀도우,https://image.sivillage.com/upload/C00001/goods/org/252/231010006556252.png?RS=450&SP=1&QT=20,LAURA MERCIER,새틴 아이 컬러 (구아바),N/A,"42,300",10%,5,84,N/A,"https://image.sivillage.com/upload/C00001/goods/color/color_080053_230106162949.jpg,https://image.sivillage.com/upload/C00001/goods/color/color_020256_230106162125.jpg,https://image.sivillage.com/upload/C00001/goods/color/color_020255_230106162126.jpg","구아바,스텔라,코냑",N/A
뷰티,메이크업,아이 메이크업,아이섀도우,https://image.sivillage.com/upload/C00001/goods/org/791/231120007098791.jpg?RS=450&SP=1&QT=20,LAURA MERCIER,매트 아이 컬러 (진저),N/A,"42,300",10%,4.9,347,N/A,"https://image.sivillage.com/upload/C00001/goods/color/color_020228_221229000108.jpg,https://image.sivillage.com/upload/C00001/goods/color/color_020229_221229000108.jpg,https://image.sivillage.com/upload/C00001/goods/color/color_020231_221229000108.jpg,https://image.sivillage.com/upload/C00001/goods/color/color_120036_221229002212.jpg,https://image.sivillage.com/upload/C00001/goods/color/color_020340_231023101902.jpg,https://image.sivillage.com/upload/C00001/goods/color/color_020339_231023101901.jpg","진저,카페 오레,캐시미어,플럼 스모크,모닝듀,바닐라 너츠",N/A
뷰티,메이크업,아이 메이크업,아이섀도우,https://image.sivillage.com/upload/C00001/s3/goods/org/722/240401012647722.jpg?RS=450&SP=1&QT=20,BYREDO,카잘 펜슬 펄플렉스드,N/A,"47,500",5%,5,5,N/A,,,N/A
뷰티,메이크업,아이 메이크업,아이섀도우,https://image.sivillage.com/upload/C00001/goods/org/843/190416000276843.png?RS=450&SP=1&QT=20,VIDIVICI,아이섀도우 멀티 케이스,N/A,"13,500",10%,4.2,5,N/A,,,N/A
뷰티,메이크업,아이 메이크업,아이섀도우,https://image.sivillage.com/upload/C00001/goods/org/687/230817005993687.jpg?RS=450&SP=1&QT=20,VIDIVICI,싱글 아이섀도우 텐더 매트 (405 스웨이드),N/A,"19,800",10%,4.8,229,N/A,"https://image.sivillage.com/upload/C00001/goods/color/color_020318_230619153800.jpg,https://image.sivillage.com/upload/C00001/goods/color/color_050121_230619154233.jpg,https://image.sivillage.com/upload/C00001/goods/color/color_050122_230619154501.jpg,https://image.sivillage.com/upload/C00001/goods/color/color_020319_230619154640.jpg,https://image.sivillage.com/upload/C00001/goods/color/color_070272_230619154717.jpg,https://image.sivillage.com/upload/C00001/goods/color/color_080062_230619155010.jpg,https://image.sivillage.com/upload/C00001/goods/color/color_080063_230619155038.jpg,https://image.sivillage.com/upload/C00001/goods/color/color_070273_230619154846.jpg,https://image.sivillage.com/upload/C00001/goods/color/color_070274_230619154913.jpg,https://image.sivillage.com/upload/C00001/goods/color/color_050093_211224172438.jpg,https://image.sivillage.com/upload/C00001/goods/color/color_050092_211224172438.jpg,https://image.sivillage.com/upload/C00001/goods/color/color_050091_211224172438.jpg","405 스웨이드,555 트러플,540 카라멜,530 아프리콧,525 더스티 로즈,515 크림 카라멜,410 칸탈루프,425 핑크 구아바,415 피오니,400 베이직,445 모닝 라떼,500 글램던",N/A
뷰티,메이크업,아이 메이크업,아이섀도우,https://image.sivillage.com/upload/C00001/goods/org/549/210707001310549.jpg?RS=450&SP=1&QT=20,HOURGLASS,큐레이터 아이섀도우 - 에어 (매트),N/A,"39,600",10%,4.9,74,N/A,"https://image.sivillage.com/upload/C00001/goods/color/color_020170_210702161427.jpg,https://image.sivillage.com/upload/C00001/goods/color/color_020171_210702161558.jpg,https://image.sivillage.com/upload/C00001/goods/color/color_050070_210702161512.jpg,https://image.sivillage.com/upload/C00001/goods/color/color_050069_210702161453.jpg,https://image.sivillage.com/upload/C00001/goods/color/color_050076_210702161813.jpg,https://image.sivillage.com/upload/C00001/goods/color/color_050071_210702161547.jpg,https://image.sivillage.com/upload/C00001/goods/color/color_020172_210702161739.jpg,https://image.sivillage.com/upload/C00001/goods/color/color_050073_210702161639.jpg,https://image.sivillage.com/upload/C00001/goods/color/color_040014_210702161408.jpg","에어,픽스,코이,아크,프로,도,모드,메이,에이스",N/A
뷰티,메이크업,아이 메이크업,아이섀도우,https://image.sivillage.com/upload/C00001/goods/org/854/210709001312854.jpg?RS=450&SP=1&QT=20,HOURGLASS,큐레이터 쓰리 섀도우 팔레트,N/A,"17,100",10%,4.9,23,N/A,,,N/A
뷰티,메이크업,아이 메이크업,아이섀도우,https://image.sivillage.com/upload/C00001/goods/org/461/210708001311461.jpg?RS=450&SP=1&QT=20,HOURGLASS,큐레이터 싱글 섀도우 팔레트,N/A,"14,400",10%,5,15,N/A,,,N/A
뷰티,메이크업,아이 메이크업,아이섀도우,https://image.sivillage.com/upload/C00001/goods/org/159/230504004960159.jpg?RS=450&SP=1&QT=20,HOURGLASS,보이어 아이섀도우 스틱 - 문,N/A,"48,600",10%,4.9,42,N/A,"https://image.sivillage.com/upload/C00001/goods/color/color_020301_230509122050.jpg,https://image.sivillage.com/upload/C00001/goods/color/color_020298_230509122050.jpg,https://image.sivillage.com/upload/C00001/goods/color/color_020299_230509122050.jpg,https://image.sivillage.com/upload/C00001/goods/color/color_020302_230509122050.jpg,https://image.sivillage.com/upload/C00001/goods/color/color_020297_230509122050.jpg,https://image.sivillage.com/upload/C00001/goods/color/color_050098_220512095814.jpg,https://image.sivillage.com/upload/C00001/goods/color/color_020300_230509122050.jpg","문,프리즘,이쿼녹스,갤럭시,피닉스,솔스티스,오로라",N/A
뷰티,메이크업,아이 메이크업,아이섀도우,https://image.sivillage.com/upload/C00001/goods/org/181/230907006242181.jpg?RS=450&SP=1&QT=20,HOURGLASS,큐레이터 아이섀도우 - 앱트 (사틴),N/A,"39,600",10%,4.9,43,N/A,"https://image.sivillage.com/upload/C00001/goods/color/color_050082_210702162430.jpg,https://image.sivillage.com/upload/C00001/goods/color/color_050081_210702162430.jpg,https://image.sivillage.com/upload/C00001/goods/color/color_020174_210702162452.jpg,https://image.sivillage.com/upload/C00001/goods/color/color_020175_210702162452.jpg,https://image.sivillage.com/upload/C00001/goods/color/color_120027_210702162514.jpg","앱트,예스,핀,키,젬",N/A
뷰티,메이크업,아이 메이크업,아이섀도우,https://image.sivillage.com/upload/C00001/goods/org/487/210708001311487.jpg?RS=450&SP=1&QT=20,HOURGLASS,큐레이터 아이섀도우 - 얼브 (메탈릭),N/A,"39,600",10%,4.9,23,N/A,"https://image.sivillage.com/upload/C00001/goods/color/color_050080_210702162159.jpg,https://image.sivillage.com/upload/C00001/goods/color/color_130011_210702162059.jpg,https://image.sivillage.com/upload/C00001/goods/color/color_120025_210702162256.jpg,https://image.sivillage.com/upload/C00001/goods/color/color_050078_210702161945.jpg,https://image.sivillage.com/upload/C00001/goods/color/color_120024_210702161935.jpg,https://image.sivillage.com/upload/C00001/goods/color/color_050079_210702162026.jpg,https://image.sivillage.com/upload/C00001/goods/color/color_050086_210708163429.jpg,https://image.sivillage.com/upload/C00001/goods/color/color_030028_210702162244.jpg","얼브,럭스,포우,포그,피그,이온,엘름,아이스",N/A
뷰티,메이크업,아이 메이크업,아이섀도우,https://image.sivillage.com/upload/C00001/goods/org/145/190426000290145.jpg?RS=450&SP=1&QT=20,HOURGLASS,글리터 아이섀도우 (블레이즈),N/A,"42,300",10%,4.9,133,N/A,"https://image.sivillage.com/upload/C00001/goods/color/0000574.jpg,https://image.sivillage.com/upload/C00001/goods/color/0000412.jpg,https://image.sivillage.com/upload/C00001/goods/color/0000401.jpg,https://image.sivillage.com/upload/C00001/goods/color/0000413.jpg,https://image.sivillage.com/upload/C00001/goods/color/0000414.jpg,https://image.sivillage.com/upload/C00001/goods/color/0000400.jpg,https://image.sivillage.com/upload/C00001/goods/color/0000403.jpg,https://image.sivillage.com/upload/C00001/goods/color/0000402.jpg,https://image.sivillage.com/upload/C00001/goods/color/0000399.jpg","블레이즈,포일,리플렉트,아우라,스모크,버니쉬,랩쳐,레이,비비드",N/A
뷰티,메이크업,아이 메이크업,아이섀도우,https://image.sivillage.com/upload/C00001/s3/goods/org/224/240711024406224.jpg?RS=450&SP=1&QT=20,LAURA MERCIER,캐비어 스틱 아이 컬러 (바닐라 키스),N/A,"47,700",10%,N/A,N/A,N/A,,,N/A
뷰티,메이크업,아이 메이크업,아이섀도우,https://image.sivillage.com/upload/C00001/goods/org/573/210707001310573.jpg?RS=450&SP=1&QT=20,HOURGLASS,큐레이터 아이섀도우 - 비,N/A,"39,600",10%,4.8,42,N/A,"https://image.sivillage.com/upload/C00001/goods/color/color_070170_210702162617.jpg,https://image.sivillage.com/upload/C00001/goods/color/color_070168_210702162617.jpg,https://image.sivillage.com/upload/C00001/goods/color/color_050085_210702162752.jpg,https://image.sivillage.com/upload/C00001/goods/color/color_050083_210702162752.jpg,https://image.sivillage.com/upload/C00001/goods/color/color_100037_210702162658.jpg,https://image.sivillage.com/upload/C00001/goods/color/color_100036_210702162642.jpg","비,허,랏,웹,잉크,비드",N/A
뷰티,메이크업,아이 메이크업,아이섀도우,https://image.sivillage.com/upload/C00001/goods/org/856/210709001312856.jpg?RS=450&SP=1&QT=20,HOURGLASS,큐레이터 파이브 섀도우 팔레트,N/A,"21,600",10%,4.9,19,N/A,,,N/A
뷰티,메이크업,아이 메이크업,아이섀도우,https://image.sivillage.com/upload/C00001/s3/goods/org/860/240819028279860.jpg?RS=450&SP=1&QT=20,PAUL&JOE,폴앤조 아이 컬러 팔레트,N/A,"52,200",10%,N/A,N/A,N/A,,,N/A
뷰티,메이크업,아이 메이크업,아이섀도우,https://image.sivillage.com/upload/C00001/s3/goods/org/669/240814027641669.jpg?RS=450&SP=1&QT=20,3CE,[3CE] 아이 스위치,N/A,"15,300",10%,5,1,N/A,,,N/A
뷰티,메이크업,아이 메이크업,아이섀도우,https://image.sivillage.com/upload/C00001/s3/goods/org/097/240821028529097.jpg?RS=450&SP=1&QT=20,CLE DE PEAU BEAUTE,[끌레드뽀보떼] 아이 컬러 쿼드 리필,N/A,"63,000",10%,N/A,N/A,N/A,,,N/A
뷰티,메이크업,아이 메이크업,아이섀도우,https://image.sivillage.com/upload/C00001/s3/goods/org/784/240814027540784.jpg?RS=450&SP=1&QT=20,MAC,[맥] 스퀄 골스 아이 섀도우 팔레트 X 6: 스파클 스톰,N/A,N/A,N/A,N/A,N/A,N/A,,,N/A
뷰티,메이크업,아이 메이크업,아이섀도우,https://image.sivillage.com/upload/C00001/s3/goods/org/076/240830029952076.jpg?RS=450&SP=1&QT=20,NARS,[나스] 쿼드 아이섀도우 라구나,N/A,"61,200",10%,N/A,N/A,N/A,,,N/A
뷰티,메이크업,아이 메이크업,아이섀도우,https://image.sivillage.com/upload/C00001/s3/goods/org/485/240426014807485.jpg?RS=450&SP=1&QT=20,PAUL&JOE,폴앤조 메이크업 팔레트,N/A,"53,100",10%,N/A,N/A,N/A,,,N/A
뷰티,메이크업,아이 메이크업,아이섀도우,https://image.sivillage.com/upload/C00001/s3/goods/org/188/240831030130188.jpg?RS=450&SP=1&QT=20,NARS,[나스] 나스 쿼드 아이섀도우,N/A,"63,000",10%,5,1,N/A,,,N/A
뷰티,메이크업,아이 메이크업,아이섀도우,https://image.sivillage.com/upload/C00001/s3/goods/org/637/240821028524637.jpg?RS=450&SP=1&QT=20,HEART PERCENT,[하트퍼센트] (NEW컬러 입고) 도트 온 무드 아이팔레트,N/A,"34,200",10%,N/A,N/A,N/A,,,N/A
뷰티,메이크업,아이 메이크업,아이섀도우,https://image.sivillage.com/upload/C00001/s3/goods/org/497/240821028523497.jpg?RS=450&SP=1&QT=20,MAC,[맥] 대즐섀도우,N/A,N/A,N/A,5,1,N/A,,,N/A
뷰티,메이크업,아이 메이크업,아이섀도우,https://image.sivillage.com/upload/C00001/s3/goods/org/848/240901030130848.jpg?RS=450&SP=1&QT=20,MAC,[맥] 아이섀도우,N/A,N/A,N/A,5,7,N/A,,,N/A
뷰티,메이크업,아이 메이크업,아이섀도우,https://image.sivillage.com/upload/C00001/s3/goods/org/498/240901030132498.jpg?RS=450&SP=1&QT=20,MAC,[맥] 파우더 키스 아이 섀도우,N/A,"42,750",5%,5,4,N/A,,,N/A
뷰티,메이크업,아이 메이크업,아이섀도우,https://image.sivillage.com/upload/C00001/s3/goods/org/585/240814027543585.jpg?RS=450&SP=1&QT=20,MAC,[맥] 엑스트라 디멘션 아이섀도우,N/A,N/A,N/A,N/A,N/A,N/A,,,N/A
뷰티,메이크업,아이 메이크업,아이섀도우,https://image.sivillage.com/upload/C00001/s3/goods/org/151/240901030131151.jpg?RS=450&SP=1&QT=20,DASIQUE,[데이지크] 섀도우 팔레트,N/A,N/A,N/A,3,2,N/A,,,N/A
뷰티,메이크업,아이 메이크업,아이섀도우,https://image.sivillage.com/upload/C00001/s3/goods/org/339/240901030132339.jpg?RS=450&SP=1&QT=20,NARS,[나스] 싱글 아이섀도우,N/A,"27,000",10%,5,4,N/A,,,N/A
뷰티,메이크업,아이 메이크업,아이섀도우,https://image.sivillage.com/upload/C00001/s3/goods/org/988/240901030131988.jpg?RS=450&SP=1&QT=20,MUDE,[뮤드] 숄 모먼트 아이섀도우 팔레트,N/A,"25,600",20%,5,2,N/A,,,N/A
뷰티,메이크업,아이 메이크업,아이섀도우,https://image.sivillage.com/upload/C00001/s3/goods/org/865/240901030130865.jpg?RS=450&SP=1&QT=20,NARS,[나스] 듀오 아이섀도우,N/A,"44,100",10%,4,2,N/A,,,N/A
뷰티,메이크업,아이 메이크업,아이섀도우,https://image.sivillage.com/upload/C00001/s3/goods/org/043/240823028916043.jpg?RS=450&SP=1&QT=20,URBAN DECAY,[어반디케이] 문더스트 아이섀도우 팔레트,N/A,"58,650",15%,5,1,N/A,,,N/A
뷰티,메이크업,아이 메이크업,아이섀도우,https://image.sivillage.com/upload/C00001/s3/goods/org/957/240801025811957.jpg?RS=450&SP=1&QT=20,espoir,[에스쁘아] 에스쁘아 리얼아이애교살스틱,N/A,N/A,N/A,N/A,N/A,N/A,,,N/A
뷰티,메이크업,아이 메이크업,아이섀도우,https://image.sivillage.com/upload/C00001/goods/org/572/230317004504572.jpg?RS=450&SP=1&QT=20,ODEAR,"오데어 킬링 아이 메이커 버터 (컨실러 스틱:0.18g ,애교살 라이너:1.3g)",N/A,"14,400",10%,5,4,N/A,,,N/A
뷰티,메이크업,아이 메이크업,아이섀도우,https://image.sivillage.com/upload/C00001/s3/goods/org/313/240812027283313.jpg?RS=450&SP=1&QT=20,ROM&ND,[롬앤] 베러 댄 팔레트,N/A,N/A,N/A,N/A,N/A,N/A,,,N/A
뷰티,메이크업,아이 메이크업,아이섀도우,https://image.sivillage.com/upload/C00001/s3/goods/org/132/240831030126132.jpg?RS=450&SP=1&QT=20,NARS,[나스] 싱글 & 하드와이어드 아이섀도우,N/A,"28,800",10%,5,11,N/A,,,N/A
뷰티,메이크업,아이 메이크업,아이섀도우,https://image.sivillage.com/upload/C00001/s3/goods/org/661/240426014794661.jpg?RS=450&SP=1&QT=20,PAUL&JOE,폴앤조 아이 컬러 듀오,N/A,"42,300",10%,N/A,N/A,N/A,,,N/A
뷰티,메이크업,아이 메이크업,아이섀도우,https://image.sivillage.com/upload/C00001/s3/goods/org/570/240801025838570.jpg?RS=450&SP=1&QT=20,MADPEACH,[매드피치] 데일리 무드 아이섀도우 팔레트,N/A,N/A,N/A,N/A,N/A,N/A,,,N/A
뷰티,메이크업,아이 메이크업,아이섀도우,https://image.sivillage.com/upload/C00001/s3/goods/org/698/240821028526698.jpg?RS=450&SP=1&QT=20,CLE DE PEAU BEAUTE,[끌레드뽀보떼] 아이 컬러 솔로 리필,N/A,"36,000",10%,5,1,N/A,,,N/A
뷰티,메이크업,아이 메이크업,아이섀도우,https://image.sivillage.com/upload/C00001/s3/goods/org/386/240826029300386.jpg?RS=450&SP=1&QT=20,CLE DE PEAU BEAUTE,[끌레드뽀보떼] 아이 컬러 쿼드 케이스,N/A,"28,800",10%,N/A,N/A,N/A,,,N/A
뷰티,메이크업,아이 메이크업,아이섀도우,https://image.sivillage.com/upload/C00001/s3/goods/org/878/240824029059878.jpg?RS=450&SP=1&QT=20,URBAN DECAY,[어반디케이] 네이키드 리로디드 아이섀도우 팔레트,N/A,"56,950",15%,N/A,N/A,N/A,,,N/A
뷰티,메이크업,아이 메이크업,아이섀도우,https://image.sivillage.com/upload/C00001/s3/goods/org/152/240306009846152.jpg?RS=450&SP=1&QT=20,2aN,베러 미 아이 팔레트,N/A,N/A,N/A,5,3,N/A,,,N/A
뷰티,메이크업,아이 메이크업,아이섀도우,https://image.sivillage.com/upload/C00001/s3/goods/org/043/240825029160043.jpg?RS=450&SP=1&QT=20,BBIA,[삐아] 레디 투 웨어 아이 섀도우,N/A,N/A,N/A,N/A,N/A,N/A,,,N/A
뷰티,메이크업,아이 메이크업,아이섀도우,https://image.sivillage.com/upload/C00001/s3/goods/org/153/240801025831153.jpg?RS=450&SP=1&QT=20,DEARDAHLIA,[디어달리아] 블루밍 에디션 젤리 싱글 아이섀도우,N/A,N/A,N/A,N/A,N/A,N/A,,,N/A
뷰티,메이크업,아이 메이크업,아이섀도우,https://image.sivillage.com/upload/C00001/s3/goods/org/551/240806026290551.jpg?RS=450&SP=1&QT=20,UNLEASHIA,[언리시아] 글리터피디아 아이 팔레트,N/A,N/A,N/A,N/A,N/A,N/A,,,N/A
뷰티,메이크업,아이 메이크업,아이섀도우,https://image.sivillage.com/upload/C00001/s3/goods/org/500/240826029173500.jpg?RS=450&SP=1&QT=20,UNLEASHIA,[언리시아] 프리티 이지 글리터 스틱,N/A,N/A,N/A,N/A,N/A,N/A,,,N/A
뷰티,메이크업,아이 메이크업,아이섀도우,https://image.sivillage.com/upload/C00001/s3/goods/org/671/240422014532671.jpg?RS=450&SP=1&QT=20,PAUL&JOE,폴앤조 비바시떼 아이 & 페이스 컬러,N/A,"36,900",10%,N/A,N/A,N/A,,,N/A
뷰티,메이크업,아이 메이크업,아이섀도우,https://image.sivillage.com/upload/C00001/goods/org/588/230317004504588.jpg?RS=450&SP=1,ODEAR,"오데어 킬링 아이 메이커 애프리콧 (컨실러 스틱:0.18g ,애교살 라이너:1.3g)",N/A,"14,400",10%,5,6,N/A,,,N/A
뷰티,메이크업,아이 메이크업,아이섀도우,https://image.sivillage.com/upload/C00001/s3/goods/org/302/240724025230302.jpg?RS=450&SP=1,BBIA,[삐아] 에센셜 아이 팔레트,N/A,N/A,N/A,4,1,N/A,,,N/A
뷰티,메이크업,아이 메이크업,아이섀도우,https://image.sivillage.com/upload/C00001/s3/goods/org/846/240808026599846.jpg?RS=450&SP=1,NARS,[나스] 하드와이어드아이섀도 얼쓰샤인1,N/A,"28,800",10%,N/A,N/A,N/A,,,N/A
뷰티,메이크업,아이 메이크업,아이섀도우,https://image.sivillage.com/upload/C00001/s3/goods/org/013/240826029264013.jpg?RS=450&SP=1,ANNA SUI,안나수이 리퀴드 아이 컬러,N/A,"26,100",10%,N/A,N/A,N/A,,,N/A
뷰티,메이크업,아이 메이크업,아이섀도우,https://image.sivillage.com/upload/C00001/s3/goods/org/860/240726025338860.jpg?RS=450&SP=1,UNLEASHIA,[언리시아] 겟 루스 글리터 젤 미니,N/A,N/A,N/A,N/A,N/A,N/A,,,N/A
뷰티,메이크업,아이 메이크업,아이섀도우,https://image.sivillage.com/upload/C00001/s3/goods/org/391/240821028408391.jpg?RS=450&SP=1,BBIA,[삐아] 레디 투 웨어 아이 팔레트,N/A,"18,000",10%,5,2,N/A,,,N/A
뷰티,메이크업,아이 메이크업,아이섀도우,https://image.sivillage.com/upload/C00001/s3/goods/org/938/240901030132938.jpg?RS=450&SP=1&QT=20,EQUMAL,[에크멀] 오버클래식 아이 팔레트,N/A,"22,500",10%,N/A,N/A,N/A,,,N/A
뷰티,메이크업,아이 메이크업,아이섀도우,https://image.sivillage.com/upload/C00001/s3/goods/org/539/240826029173539.jpg?RS=450&SP=1&QT=20,UNLEASHIA,[언리시아] 무드 샤워 아이팔레트,N/A,N/A,N/A,N/A,N/A,N/A,,,N/A
뷰티,메이크업,아이 메이크업,아이섀도우,https://image.sivillage.com/upload/C00001/s3/goods/org/613/240830029829613.jpg?RS=450&SP=1&QT=20,URBAN DECAY,[어반디케이] 네이키드 3 아이섀도우 팔레트,N/A,"62,050",15%,5,6,N/A,,,N/A
뷰티,메이크업,아이 메이크업,아이섀도우,https://image.sivillage.com/upload/C00001/s3/goods/org/255/240830029944255.jpg?RS=450&SP=1&QT=20,BOBBI BROWN,[바비브라운] 롱웨어 크림 섀도우 스틱 1.6g,N/A,"45,050",15%,5,12,N/A,,,N/A
뷰티,메이크업,아이 메이크업,아이섀도우,https://image.sivillage.com/upload/C00001/s3/goods/org/369/240901030132369.jpg?RS=450&SP=1&QT=20,HINCE,[힌스] 힌스 올라운드 아이 팔레트,N/A,"19,760",24%,5,1,N/A,,,N/A
뷰티,메이크업,아이 메이크업,아이섀도우,https://image.sivillage.com/upload/C00001/s3/goods/org/106/240831030122106.jpg?RS=450&SP=1&QT=20,STILA,"[스틸라] 트라이펙타 메탈리카 립, 아이 & 치크 스틱",N/A,"28,000",20%,N/A,N/A,N/A,,,N/A
뷰티,메이크업,아이 메이크업,아이섀도우,https://image.sivillage.com/upload/C00001/s3/goods/org/137/240831030122137.jpg?RS=450&SP=1&QT=20,URBAN DECAY,[어반디케이] 네이키드 3 미니 팔레트,N/A,"41,650",15%,5,4,N/A,,,N/A
뷰티,메이크업,아이 메이크업,아이섀도우,https://image.sivillage.com/upload/C00001/s3/goods/org/719/240831030117719.jpg?RS=450&SP=1&QT=20,URBAN DECAY,[어반디케이] 아이 프라이머 포션,N/A,"29,750",15%,5,8,N/A,,,N/A
뷰티,메이크업,아이 메이크업,아이섀도우,https://image.sivillage.com/upload/C00001/s3/goods/org/606/240818028081606.jpg?RS=450&SP=1&QT=20,3CE,[3CE] 3CE 뉴 테이크 아이섀도우 팔레트,N/A,"39,200",20%,N/A,N/A,N/A,,,N/A
뷰티,메이크업,아이 메이크업,아이섀도우,https://image.sivillage.com/upload/C00001/s3/goods/org/943/240826029257943.jpg?RS=450&SP=1&QT=20,MAKE UP FOR EVER,[메이크업포에버] NEW 아티스트 섀도우 2G,N/A,"32,300",15%,N/A,N/A,N/A,,,N/A
뷰티,메이크업,아이 메이크업,아이섀도우,https://image.sivillage.com/upload/C00001/s3/goods/org/481/240901030132481.jpg?RS=450&SP=1&QT=20,DEARDAHLIA,[디어달리아] 드림 벨벳 아이섀도우 팔레트,N/A,"18,720",28%,N/A,N/A,N/A,,,N/A
뷰티,메이크업,아이 메이크업,아이섀도우,https://image.sivillage.com/upload/C00001/s3/goods/org/678/240830029829678.jpg?RS=450&SP=1&QT=20,MAKE UP FOR EVER,[메이크업포에버] 스타 릿 다이아몬드 파우더,N/A,"36,550",15%,5,2,N/A,,,N/A
뷰티,메이크업,아이 메이크업,아이섀도우,https://image.sivillage.com/upload/C00001/s3/goods/org/275/240831029999275.jpg?RS=450&SP=1&QT=20,URBAN DECAY,[어반디케이] 문더스트 모노 아이섀도우,N/A,"28,900",15%,5,4,N/A,,,N/A
뷰티,메이크업,아이 메이크업,아이섀도우,https://image.sivillage.com/upload/C00001/s3/goods/org/017/240820028394017.jpg?RS=450&SP=1&QT=20,URBAN DECAY,[어반디케이] NEW 문더스트 스파클리 아이섀도우,N/A,"28,900",15%,N/A,N/A,N/A,,,N/A
뷰티,메이크업,아이 메이크업,아이섀도우,https://image.sivillage.com/upload/C00001/s3/goods/org/695/240808026593695.jpg?RS=450&SP=1&QT=20,URBAN DECAY,[어반디케이] 네이키드 씬 미니 아이섀도우 팔레트,N/A,"41,650",15%,5,8,N/A,,,N/A
뷰티,메이크업,아이 메이크업,아이섀도우,https://image.sivillage.com/upload/C00001/s3/goods/org/741/240901030132741.jpg?RS=450&SP=1&QT=20,JUNG SAEM MOOL,[정샘물] 22` 정샘물 컬러피스 아이 블렌더 누드,N/A,"19,800",10%,N/A,N/A,N/A,,,N/A
뷰티,메이크업,아이 메이크업,아이섀도우,https://image.sivillage.com/upload/C00001/s3/goods/org/102/240827029317102.jpg?RS=450&SP=1&QT=20,JUNG SAEM MOOL,[정샘물] 정샘물 아티스트 드로잉 섀도우 펜슬,N/A,"17,000",15%,N/A,N/A,N/A,,,N/A
뷰티,메이크업,아이 메이크업,아이섀도우,https://image.sivillage.com/upload/C00001/s3/goods/org/284/240808026596284.jpg?RS=450&SP=1&QT=20,URBAN DECAY,[어반디케이] 네이키드 하프 베이키드 미니 아이섀도우 팔레트,N/A,"41,650",15%,N/A,N/A,N/A,,,N/A
뷰티,메이크업,아이 메이크업,아이섀도우,https://image.sivillage.com/upload/C00001/s3/goods/org/424/240827029427424.jpg?RS=450&SP=1&QT=20,DINTO,[딘토] 블러피니쉬 아이섀도우 7종,N/A,"22,400",20%,5,3,N/A,,,N/A
뷰티,메이크업,아이 메이크업,아이섀도우,https://image.sivillage.com/upload/C00001/s3/goods/org/804/240807026563804.jpg?RS=450&SP=1&QT=20,DEARDAHLIA,[디어달리아] 파라다이스 샤인 아이 시퀸 힙노틱 샤인 컬렉션,N/A,"20,800",20%,N/A,N/A,N/A,,,N/A
뷰티,메이크업,아이 메이크업,아이섀도우,https://image.sivillage.com/upload/C00001/s3/goods/org/025/240829029649025.jpg?RS=450&SP=1&QT=20,MAKE UP FOR EVER,[메이크업포에버] 아쿠아 레지스트 스모키 쉐도우,N/A,"33,150",15%,5,2,N/A,,,N/A
뷰티,메이크업,아이 메이크업,아이섀도우,https://image.sivillage.com/upload/C00001/s3/goods/org/174/240815027790174.jpg?RS=450&SP=1&QT=20,STILA,[스틸라] 메탈 글리터 미니 팁 키튼 카르마,N/A,"28,000",20%,N/A,N/A,N/A,,,N/A
뷰티,메이크업,아이 메이크업,아이섀도우,https://image.sivillage.com/upload/C00001/s3/goods/org/652/240801025831652.jpg?RS=450&SP=1&QT=20,DEARDAHLIA,[디어달리아] 퍼펙트 디자이닝 섀도우 스틱,N/A,"22,400",20%,N/A,N/A,N/A,,,N/A
뷰티,메이크업,아이 메이크업,아이섀도우,https://image.sivillage.com/upload/C00001/s3/goods/org/720/240808026593720.jpg?RS=450&SP=1&QT=20,URBAN DECAY,[어반디케이] 네이키드 팍시 미니 아이섀도우 팔레트,N/A,"41,650",15%,N/A,N/A,N/A,,,N/A
뷰티,메이크업,아이 메이크업,아이섀도우,https://image.sivillage.com/upload/C00001/s3/goods/org/269/240808026598269.jpg?RS=450&SP=1&QT=20,URBAN DECAY,[어반디케이] 24/7 모노 아이섀도우,N/A,"22,950",15%,5,1,N/A,,,N/A
뷰티,메이크업,아이 메이크업,아이섀도우,https://image.sivillage.com/upload/C00001/s3/goods/org/350/240827029427350.jpg?RS=450&SP=1&QT=20,3CE,[3CE] 미니 멀티 팔레트,N/A,"19,200",20%,5,1,N/A,,,N/A
뷰티,메이크업,아이 메이크업,아이섀도우,https://image.sivillage.com/upload/C00001/s3/goods/org/874/240830029966874.jpg?RS=450&SP=1&QT=20,DEARDAHLIA,[디어달리아] 블루밍 에디션 듀얼 팔레트 블러셔 듀오 - 페어 레이디,N/A,"21,600",20%,N/A,N/A,N/A,,,N/A
뷰티,메이크업,아이 메이크업,아이섀도우,https://image.sivillage.com/upload/C00001/s3/goods/org/565/240830029829565.jpg?RS=450&SP=1&QT=20,3CE,[3CE] 멀티 아이컬러 팔레트,N/A,"31,200",20%,5,1,N/A,,,N/A
뷰티,메이크업,아이 메이크업,아이섀도우,https://image.sivillage.com/upload/C00001/s3/goods/org/879/240801025829879.jpg?RS=450&SP=1&QT=20,DEARDAHLIA,[디어달리아] 파라다이스 샤인 아이 시퀸,N/A,"20,800",20%,N/A,N/A,N/A,,,N/A
뷰티,메이크업,아이 메이크업,아이섀도우,https://image.sivillage.com/upload/C00001/s3/goods/org/724/240823028920724.jpg?RS=450&SP=1&QT=20,3CE,[3CE] 올라운더 멀티 팔레트,N/A,"32,000",20%,N/A,N/A,N/A,,,N/A
뷰티,메이크업,아이 메이크업,아이섀도우,https://image.sivillage.com/upload/C00001/s3/goods/org/502/240814027541502.jpg?RS=450&SP=1&QT=20,3CE,[3CE] 3CE 섀도우 팔레트+ 파우치 증정기획,N/A,"31,200",20%,5,1,N/A,,,N/A
뷰티,메이크업,아이 메이크업,아이섀도우,https://image.sivillage.com/upload/C00001/s3/goods/org/344/240831030118344.jpg?RS=450&SP=1&QT=20,ABOUT TONE,[어바웃톤] 리턴 투 베이직 섀도우 팔레트,N/A,"15,400",30%,N/A,N/A,N/A,,,N/A
뷰티,메이크업,아이 메이크업,아이섀도우,https://image.sivillage.com/upload/C00001/s3/goods/org/367/240808026606367.jpg?RS=450&SP=1&QT=20,espoir,[에스쁘아] 에스쁘아 리얼 아이 팔레트 올 뉴,N/A,"25,500",25%,N/A,N/A,N/A,,,N/A
뷰티,메이크업,아이 메이크업,아이섀도우,https://image.sivillage.com/upload/C00001/s3/goods/org/391/240830029971391.jpg?RS=450&SP=1&QT=20,ROM&ND,[롬앤] 베러 댄 아이즈,N/A,"12,600",30%,5,1,N/A,,,N/A
뷰티,메이크업,아이 메이크업,아이섀도우,https://image.sivillage.com/upload/C00001/s3/goods/org/138/240828029559138.jpg?RS=450&SP=1&QT=20,DINTO,[딘토] 셰익스피어 인 러브 글리터 2종,N/A,"11,200",30%,N/A,N/A,N/A,,,N/A
뷰티,메이크업,아이 메이크업,아이섀도우,https://image.sivillage.com/upload/C00001/s3/goods/org/953/240821028402953.jpg?RS=450&SP=1&QT=20,ROM&ND,[롬앤] 베어 레이어 팔레트,N/A,"20,300",30%,N/A,N/A,N/A,,,N/A
뷰티,메이크업,아이 메이크업,아이섀도우,https://image.sivillage.com/upload/C00001/s3/goods/org/166/240823028783166.jpg?RS=450&SP=1&QT=20,espoir,[에스쁘아] 리얼아이팔레트,N/A,"24,000",25%,N/A,N/A,N/A,,,N/A
뷰티,메이크업,아이 메이크업,아이섀도우,https://image.sivillage.com/upload/C00001/s3/goods/org/869/240830029829869.jpg?RS=450&SP=1&QT=20,HINCE,[힌스] 뉴 뎁스 아이섀도우 팔레트,N/A,"27,300",30%,N/A,N/A,N/A,,,N/A
