top_category_name,middle_category_name,bottom_category_name,sub_category_name,image_src,brand,name,volume,price,discount_rate,rating,review_count,delivery_info,color_image_src,color_name,bedge
뷰티,스킨케어,스킨/토너/미스트,토너,https://image.sivillage.com/upload/C00001/goods/org/050/230607005373050.jpg?RS=450&SP=1,LA PERVA,[컴포트존] 리바이탈라이징 토너 200ml,200ml,"41,300",30%,5,24,N/A,,,N/A
뷰티,스킨케어,스킨/토너/미스트,토너,https://image.sivillage.com/upload/C00001/goods/org/922/230419004745922.png?RS=450&SP=1,Santa Maria Novella,토니코 페르 라 펠레 250ml (영양토너),250ml,"62,100",10%,4.9,1691,N/A,,,N/A
뷰티,스킨케어,스킨/토너/미스트,토너,https://image.sivillage.com/upload/C00001/goods/org/070/210408001177070.jpg?RS=450&SP=1,POIRET,뽀아레 압솔리프트 로씨옹,N/A,N/A,N/A,5,1,N/A,,,N/A
뷰티,스킨케어,스킨/토너/미스트,토너,https://image.sivillage.com/upload/C00001/goods/org/668/220706002750668.jpg?RS=450&SP=1,YUNJAC,카밍 앤 컴포팅 스페셜 세트,N/A,"76,500",10%,4.9,157,N/A,,,N/A
뷰티,스킨케어,스킨/토너/미스트,토너,https://image.sivillage.com/upload/C00001/goods/org/786/220824002997786.jpg?RS=450&SP=1&QT=20,POIRET,뽀아레 로브 로씨옹,N/A,N/A,N/A,5,38,N/A,,,N/A
뷰티,스킨케어,스킨/토너/미스트,토너,https://image.sivillage.com/upload/C00001/s3/goods/org/152/240604019636152.png?RS=450&SP=1&QT=20,LA PERVA,[수잔카프만] 수딩 토너 리필 250ml,250ml,N/A,N/A,5,1,N/A,,,N/A
뷰티,스킨케어,스킨/토너/미스트,토너,https://image.sivillage.com/upload/C00001/goods/org/625/210504001214625.jpg?RS=450&SP=1&QT=20,YUNJAC,백년초 앤 우질두 수분 트리트먼트 토너,N/A,"42,750",5%,4.9,140,N/A,,,N/A
뷰티,스킨케어,스킨/토너/미스트,토너,https://image.sivillage.com/upload/C00001/goods/org/458/230907006287458.jpg?RS=450&SP=1&QT=20,YUNJAC,자목숙 안티에이징 토너,N/A,"57,000",5%,4.9,88,N/A,,,N/A
뷰티,스킨케어,스킨/토너/미스트,토너,https://image.sivillage.com/upload/C00001/goods/org/618/210504001214618.jpg?RS=450&SP=1&QT=20,YUNJAC,백년초 앤 우질두 수분 진정 토너,N/A,"42,750",5%,4.9,211,N/A,,,N/A
뷰티,스킨케어,스킨/토너/미스트,토너,https://image.sivillage.com/upload/C00001/goods/org/231/220628002706231.jpg?RS=450&SP=1&QT=20,YUNJAC,카밍 앤 컴포팅 토너,N/A,"38,000",5%,5,79,N/A,,,N/A
뷰티,스킨케어,스킨/토너/미스트,토너,https://image.sivillage.com/upload/C00001/goods/org/297/230818006005297.jpg?RS=450&SP=1&QT=20,VIDIVICI,뉴오더 퓨어 밸런싱 토너,N/A,"72,000",10%,5,12,N/A,,,N/A
뷰티,스킨케어,스킨/토너/미스트,토너,https://image.sivillage.com/upload/C00001/goods/org/070/230324004555070.jpg?RS=450&SP=1&QT=20,LA PERVA,[스튜디오보타닉] 클라리파잉 페이스 토너 100ml,100ml,"56,700",10%,4.8,11,N/A,,,N/A
뷰티,스킨케어,스킨/토너/미스트,토너,https://image.sivillage.com/upload/C00001/goods/org/966/220930003231966.jpg?RS=450&SP=1&QT=20,LA PERVA,[닥터바바라스텀] 밸런싱 토너 150ml,150ml,"83,700",10%,5,4,N/A,,,N/A
뷰티,스킨케어,스킨/토너/미스트,토너,https://image.sivillage.com/upload/C00001/goods/org/002/210330001156002.jpg?RS=450&SP=1&QT=20,POIRET,뽀아레 루쥬 뽀아레 끌레르 102 프루프루,N/A,N/A,N/A,5,33,N/A,"https://image.sivillage.com/upload/C00001/goods/color/color_060067_210416122947.jpg,https://image.sivillage.com/upload/C00001/goods/color/color_060068_210416122957.jpg,https://image.sivillage.com/upload/C00001/goods/color/color_060069_210416123007.jpg,https://image.sivillage.com/upload/C00001/goods/color/color_060071_210416123059.jpg,https://image.sivillage.com/upload/C00001/goods/color/color_060072_210416123114.jpg,https://image.sivillage.com/upload/C00001/goods/color/color_060074_210416123137.jpg,https://image.sivillage.com/upload/C00001/goods/color/color_060075_210416123148.jpg,https://image.sivillage.com/upload/C00001/goods/color/color_060077_210416123212.jpg,https://image.sivillage.com/upload/C00001/goods/color/color_060078_210416123223.jpg,https://image.sivillage.com/upload/C00001/goods/color/color_060079_210416123236.jpg","102 프루프루,103 뒤 마떵,104 몽 쉐리,206 소르베 두,207 로즈 플뢰리,405 모르티니,507 레 꺄흐라뜨,806 팜므 델리까뜨,807 레쓰 무아,808 발드 줄리에뜨",N/A
뷰티,스킨케어,스킨/토너/미스트,토너,https://image.sivillage.com/upload/C00001/goods/org/610/210504001214610.jpg?RS=450&SP=1&QT=20,YUNJAC,전초 에센셜 토너,N/A,"52,250",5%,4.9,309,N/A,,,N/A
뷰티,스킨케어,스킨/토너/미스트,토너,https://image.sivillage.com/upload/C00001/s3/goods/org/169/240604019641169.png?RS=450&SP=1&QT=20,LA PERVA,[수잔카프만] 퓨리파잉 토너 100ml,100ml,N/A,N/A,N/A,N/A,N/A,,,N/A
뷰티,스킨케어,스킨/토너/미스트,토너,https://image.sivillage.com/upload/C00001/s3/goods/org/096/240604019632096.png?RS=450&SP=1&QT=20,LA PERVA,[수잔카프만] 수딩 토너 100ml,100ml,N/A,N/A,5,4,N/A,,,N/A
뷰티,스킨케어,스킨/토너/미스트,토너,https://image.sivillage.com/upload/C00001/goods/org/930/221122003544930.jpg?RS=450&SP=1&QT=20,LOIVIE,어드밴스드 너리싱 트리트먼트 토너,N/A,"53,100",10%,5,90,N/A,,,N/A
뷰티,스킨케어,스킨/토너/미스트,토너,https://image.sivillage.com/upload/C00001/s3/goods/org/474/240215008986474.jpg?RS=450&SP=1&QT=20,Santa Maria Novella,아쿠아 디 로즈 250ml (장미수 토너),250ml,"35,100",10%,4.9,2238,N/A,"https://image.sivillage.com/upload/C00001/goods/color/color_150035_230504133142.png,https://image.sivillage.com/upload/C00001/goods/color/color_150034_230504133142.png","250ml,500ml",N/A
뷰티,스킨케어,스킨/토너/미스트,토너,https://image.sivillage.com/upload/C00001/goods/org/710/230727005817710.jpg?RS=450&SP=1&QT=20,LOIVIE,인텐스 하이드레이션 모이스처라이징 토너,N/A,"44,100",10%,4.9,56,N/A,,,N/A
뷰티,스킨케어,스킨/토너/미스트,토너,https://image.sivillage.com/upload/C00001/goods/org/887/210504001213887.jpg?RS=450&SP=1&QT=20,Santa Maria Novella,아쿠아 디 에르바 산타마리아,N/A,"35,100",10%,4.9,178,N/A,,,N/A
뷰티,스킨케어,스킨/토너/미스트,토너,https://image.sivillage.com/upload/C00001/goods/org/895/210504001213895.jpg?RS=450&SP=1&QT=20,Santa Maria Novella,아쿠아 디 피오르 아란치오 (페이셜 스킨),N/A,"35,100",10%,4.9,114,N/A,,,N/A
뷰티,스킨케어,스킨/토너/미스트,토너,https://image.sivillage.com/upload/C00001/goods/org/589/230907006221589.jpg?RS=450&SP=1&QT=20,YUNJAC,카밍 앤 컴포팅 토너패드,N/A,"42,750",5%,4.9,95,N/A,,,N/A
뷰티,스킨케어,스킨/토너/미스트,토너,https://image.sivillage.com/upload/C00001/s3/goods/org/995/240729025616995.jpg?RS=450&SP=1&QT=20,LA PERVA,[1+1][컴포트존] 리바이탈라이징 토너 200ml,200ml,N/A,N/A,5,12,N/A,,,세트
뷰티,스킨케어,스킨/토너/미스트,토너,https://image.sivillage.com/upload/C00001/s3/goods/org/983/231228007755983.jpg?RS=450&SP=1&QT=20,CELLCOSMET,[셀코스메트] 액티브 토닉 250ml,250ml,"207,570",9%,5,1,N/A,,,세일
뷰티,스킨케어,스킨/토너/미스트,토너,https://image.sivillage.com/upload/C00001/s3/goods/org/689/240901030132689.jpg?RS=450&SP=1&QT=20,SISLEY,[시슬리] 로씨옹 또니끄 오 플뢰르 250ml 세트,250ml,"126,000",10%,N/A,N/A,N/A,,,N/A
뷰티,스킨케어,스킨/토너/미스트,토너,https://image.sivillage.com/upload/C00001/s3/goods/org/667/240208008876667.jpg?RS=450&SP=1&QT=20,CELLCOSMET,[셀코스메트] 액티브 토닉 90ml,90ml,"135,370",9%,N/A,N/A,N/A,,,세일
뷰티,스킨케어,스킨/토너/미스트,토너,https://image.sivillage.com/upload/C00001/s3/goods/org/267/240813027499267.jpg?RS=450&SP=1&QT=20,SULWHASOO,설화수 자음생수 150ml,150ml,N/A,N/A,N/A,N/A,N/A,,,N/A
뷰티,스킨케어,스킨/토너/미스트,토너,https://image.sivillage.com/upload/C00001/s3/goods/org/687/240823028895687.jpg?RS=450&SP=1&QT=20,FEMMUE,[파뮤] 로즈 인퓨즈드 토닝 패드,N/A,"32,400",10%,N/A,N/A,N/A,,,N/A
뷰티,스킨케어,스킨/토너/미스트,토너,https://image.sivillage.com/upload/C00001/s3/goods/org/526/240827029418526.jpg?RS=450&SP=1&QT=20,SUM37°,[숨37] 워터풀 3종 기획세트,N/A,"123,250",15%,5,1,N/A,,,N/A
뷰티,스킨케어,스킨/토너/미스트,토너,https://image.sivillage.com/upload/C00001/s3/goods/org/142/240126008417142.jpg?RS=450&SP=1&QT=20,ELLI K,엘리케이 타임 리버스 퓨리파잉 토너 + 트리트먼트 로션 세트,N/A,"176,400",10%,5,1,N/A,,,N/A
뷰티,스킨케어,스킨/토너/미스트,토너,https://image.sivillage.com/upload/C00001/s3/goods/org/662/240901030132662.jpg?RS=450&SP=1&QT=20,SHISEIDO,[시세이도] NEW 얼티뮨 파워 인퓨징 컨센트레이트Ⅲ 75ml,75ml,"171,000",10%,N/A,N/A,N/A,,,N/A
뷰티,스킨케어,스킨/토너/미스트,토너,https://image.sivillage.com/upload/C00001/s3/goods/org/215/240801025855215.jpg?RS=450&SP=1&QT=20,PRIMERA,프리메라 맨 오가니언스 2종 세트,N/A,N/A,N/A,5,1,N/A,,,N/A
뷰티,스킨케어,스킨/토너/미스트,토너,https://image.sivillage.com/upload/C00001/s3/goods/org/662/240829029648662.jpg?RS=450&SP=1&QT=20,THE ORDINARY,[디오디너리] 랙틱 애시드 10％ + 에이치에이 30ml,30ml,N/A,N/A,5,1,N/A,,,N/A
뷰티,스킨케어,스킨/토너/미스트,토너,https://image.sivillage.com/upload/C00001/s3/goods/org/483/240801025861483.jpg?RS=450&SP=1&QT=20,PRIMERA,프리메라 오가니언스 베리어 리페어 2종 세트 (토너 160ml+에멀젼 160ml),160ml+에멀젼,"64,800",10%,N/A,N/A,N/A,,,세일
뷰티,스킨케어,스킨/토너/미스트,토너,https://image.sivillage.com/upload/C00001/s3/goods/org/075/240604019548075.jpg?RS=450&SP=1&QT=20,BABOR,[바버] 프로모 앰플 퍼펙션,N/A,N/A,N/A,N/A,N/A,N/A,,,N/A
뷰티,스킨케어,스킨/토너/미스트,토너,https://image.sivillage.com/upload/C00001/s3/goods/org/445/240125008391445.jpg?RS=450&SP=1&QT=20,SULWHASOO,설화수 자음수 150ml,150ml,N/A,N/A,5,2,N/A,,,N/A
뷰티,스킨케어,스킨/토너/미스트,토너,https://image.sivillage.com/upload/C00001/s3/goods/org/042/240604019548042.jpg?RS=450&SP=1&QT=20,BABOR,[바버] 프로모 앰플 클리어,N/A,N/A,N/A,N/A,N/A,N/A,,,N/A
뷰티,스킨케어,스킨/토너/미스트,토너,https://image.sivillage.com/upload/C00001/s3/goods/org/575/240827029420575.jpg?RS=450&SP=1&QT=20,HERA,헤라 시그니아 스킨 리파이닝 워터 180ml,180ml,"85,500",10%,N/A,N/A,N/A,,,세일
뷰티,스킨케어,스킨/토너/미스트,토너,https://image.sivillage.com/upload/C00001/s3/goods/org/694/240830029954694.jpg?RS=450&SP=1&QT=20,ESTEE LAUDER,[에스티로더] 에스티로더 마이크로 에센스 트리트먼트 로션 100ml,100ml,"84,150",15%,5,11,N/A,,,N/A
뷰티,스킨케어,스킨/토너/미스트,토너,https://image.sivillage.com/upload/C00001/s3/goods/org/001/240827029409001.jpg?RS=450&SP=1&QT=20,DARPHIN,[달팡] 인트랄 데일리 미셀러 토너 200ml,200ml,"42,300",10%,N/A,N/A,N/A,,,N/A
뷰티,스킨케어,스킨/토너/미스트,토너,https://image.sivillage.com/upload/C00001/s3/goods/org/007/240813027508007.jpg?RS=450&SP=1&QT=20,SUM37,[숨37˚] 워터풀 리프레싱 토너 170ml,170ml,"46,400",20%,N/A,N/A,N/A,,,세일
뷰티,스킨케어,스킨/토너/미스트,토너,https://image.sivillage.com/upload/C00001/s3/goods/org/667/240831030122667.jpg?RS=450&SP=1&QT=20,THE ORDINARY,[디오디너리] 랙틱 애시드 5％ + 에이치에이 30ml,30ml,N/A,N/A,5,1,N/A,,,N/A
뷰티,스킨케어,스킨/토너/미스트,토너,https://image.sivillage.com/upload/C00001/s3/goods/org/081/240901030131081.jpg?RS=450&SP=1&QT=20,THE ORDINARY,[디오디너리] 글리코릭 애시드 7％ 엑스폴리에이팅 토너 240ml,240ml,N/A,N/A,5,6,N/A,,,N/A
뷰티,스킨케어,스킨/토너/미스트,토너,https://image.sivillage.com/upload/C00001/s3/goods/org/143/240831030127143.jpg?RS=450&SP=1&QT=20,NOTSEEBACK,[낫씨백] 원 샷 말로투스 (모공수축효과) 250ml,250ml,"17,100",10%,N/A,N/A,N/A,,,N/A
뷰티,스킨케어,스킨/토너/미스트,토너,https://image.sivillage.com/upload/C00001/s3/goods/org/375/240831030127375.jpg?RS=450&SP=1&QT=20,THE ORDINARY,[디오디너리] 글리코릭 애시드 7％엑스폴리에이팅 토너 - 100ml,100ml,N/A,N/A,5,3,N/A,,,N/A
뷰티,스킨케어,스킨/토너/미스트,토너,https://image.sivillage.com/upload/C00001/s3/goods/org/631/240801025841631.jpg?RS=450&SP=1&QT=20,PHYTOMER,[피토메르] 오제나제 에뮬지옹 토닉,N/A,"40,500",10%,N/A,N/A,N/A,,,N/A
뷰티,스킨케어,스킨/토너/미스트,토너,https://image.sivillage.com/upload/C00001/s3/goods/org/612/240125008393612.jpg?RS=450&SP=1&QT=20,ELLI K,엘리케이 타임 리버스 퓨리파잉 토너 150ml,150ml,"88,200",10%,N/A,N/A,N/A,,,N/A
뷰티,스킨케어,스킨/토너/미스트,토너,https://image.sivillage.com/upload/C00001/s3/goods/org/491/240801025821491.jpg?RS=450&SP=1&QT=20,PARNELL,[파넬] 시카마누 순면 클리어 패드 90매,N/A,"22,800",5%,N/A,N/A,N/A,,,N/A
뷰티,스킨케어,스킨/토너/미스트,토너,https://image.sivillage.com/upload/C00001/s3/goods/org/557/240822028683557.jpg?RS=450&SP=1&QT=20,KLAIRS,[클레어스] 미드나잇 블루 카밍 크림 60ml,60ml,N/A,N/A,N/A,N/A,N/A,,,N/A
뷰티,스킨케어,스킨/토너/미스트,토너,https://image.sivillage.com/upload/C00001/goods/org/879/220504002450879.jpg?RS=450&SP=1&QT=20,LUSH,러쉬 그리스 라이트닝 45g - 스폿 트리트먼트,N/A,N/A,N/A,5,6,N/A,,,N/A
뷰티,스킨케어,스킨/토너/미스트,토너,https://image.sivillage.com/upload/C00001/goods/org/920/220504002450920.jpg?RS=450&SP=1&QT=20,LUSH,러쉬 오 로마 워터 100g - 토너/스킨,N/A,N/A,N/A,5,3,N/A,,,N/A
뷰티,스킨케어,스킨/토너/미스트,토너,https://image.sivillage.com/upload/C00001/goods/org/895/220504002450895.jpg?RS=450&SP=1&QT=20,LUSH,러쉬 티 트리 워터 100g - 토너/스킨,N/A,N/A,N/A,5,5,N/A,,,N/A
뷰티,스킨케어,스킨/토너/미스트,토너,https://image.sivillage.com/upload/C00001/s3/goods/org/985/240518017373985.png?RS=450&SP=1&QT=20,LA ROSEE,라로제 모이스춰라이징 토닉 로션 200ml (멀티 토너),200ml,"29,450",5%,4.9,12,N/A,,,N/A
뷰티,스킨케어,스킨/토너/미스트,토너,https://image.sivillage.com/upload/C00001/s3/goods/org/182/240806026430182.jpg?RS=450&SP=1&QT=20,1o7,[원오세븐] 마이크로 드리즐 하이드로 토너 180ml,180ml,N/A,N/A,N/A,N/A,N/A,,,N/A
뷰티,스킨케어,스킨/토너/미스트,토너,https://image.sivillage.com/upload/C00001/s3/goods/org/151/240831030127151.jpg?RS=450&SP=1&QT=20,NOTSEEBACK,[낫씨백] 드롭 인 뮤코 스네일 (트러블케어효과)50ml,(트러블케어효과)50ml,"24,300",10%,N/A,N/A,N/A,,,N/A
뷰티,스킨케어,스킨/토너/미스트,토너,https://image.sivillage.com/upload/C00001/s3/goods/org/663/240819028181663.jpg?RS=450&SP=1,ONOMA,[오노마] (미니)노모어토너 에센스 액티베이터70,N/A,N/A,N/A,5,2,N/A,,,N/A
뷰티,스킨케어,스킨/토너/미스트,토너,https://image.sivillage.com/upload/C00001/s3/goods/org/445/240819028311445.jpg?RS=450&SP=1,NOTSEEBACK,[낫씨백] 원 샷 케이프 알로에 (진정효과) 250ml,250ml,"17,100",10%,N/A,N/A,N/A,,,N/A
뷰티,스킨케어,스킨/토너/미스트,토너,https://image.sivillage.com/upload/C00001/s3/goods/org/955/240725025316955.jpg?RS=450&SP=1,LANEIGE,라네즈 퍼펙트리뉴 3X 스킨 리파이너 150ml,150ml,N/A,N/A,N/A,N/A,N/A,,,N/A
뷰티,스킨케어,스킨/토너/미스트,토너,https://image.sivillage.com/upload/C00001/s3/goods/org/874/240801025814874.jpg?RS=450&SP=1,HUXLEY,[헉슬리] 컨디셔닝 패드 에브리 모먼트 60매,N/A,N/A,N/A,5,3,N/A,,,N/A
뷰티,스킨케어,스킨/토너/미스트,토너,https://image.sivillage.com/upload/C00001/s3/goods/org/843/240813027530843.jpg?RS=450&SP=1,ONOMA,[오노마] 하이드라 릴리버 모이스트업 트리트먼트,N/A,N/A,N/A,N/A,N/A,N/A,,,N/A
뷰티,스킨케어,스킨/토너/미스트,토너,https://image.sivillage.com/upload/C00001/s3/goods/org/936/240829029648936.jpg?RS=450&SP=1,ONOMA,[오노마] ★셀럽뷰티3 딘딘&다라 꿀팁★ 노모어토너 에센스 액티베이터 150ml,150ml,N/A,N/A,5,4,N/A,,,N/A
뷰티,스킨케어,스킨/토너/미스트,토너,https://image.sivillage.com/upload/C00001/s3/goods/org/139/240828029608139.jpg?RS=450&SP=1&QT=20,AMPLE:N,[앰플엔] 센텔카밍샷토너패드,N/A,"18,810",10%,N/A,N/A,N/A,,,N/A
뷰티,스킨케어,스킨/토너/미스트,토너,https://image.sivillage.com/upload/C00001/s3/goods/org/058/240522017878058.jpg?RS=450&SP=1&QT=20,THE ORDINARY,[디오디너리] 사카로미세스 퍼멘트 30% 밀키 토너 100ml,100ml,N/A,N/A,5,1,N/A,,,N/A
뷰티,스킨케어,스킨/토너/미스트,토너,https://image.sivillage.com/upload/C00001/goods/org/867/230829006076867.jpg?RS=450&SP=1&QT=20,koy,코이 플로우 셀코드 토너 200ml,200ml,"25,200",10%,N/A,N/A,N/A,,,세일
뷰티,스킨케어,스킨/토너/미스트,토너,https://image.sivillage.com/upload/C00001/s3/goods/org/635/240624022459635.jpg?RS=450&SP=1&QT=20,AMPLE:N,[앰플엔] 아크네샷 토너패드 (60매입/130ml),(60매입/130ml),"19,710",10%,N/A,N/A,N/A,,,N/A
뷰티,스킨케어,스킨/토너/미스트,토너,https://image.sivillage.com/upload/C00001/goods/org/474/230404004642474.png?RS=450&SP=1&QT=20,BY WISHTREND,바이위시트렌드 만델릭애씨드 5% 스킨프렙워터 토너 120ml,120ml,"19,350",10%,5,1,N/A,,,N/A
뷰티,스킨케어,스킨/토너/미스트,토너,https://image.sivillage.com/upload/C00001/s3/goods/org/925/240825029169925.jpg?RS=450&SP=1&QT=20,LAGOM,[라곰] 미니 라곰 셀러스 리바이브 에센토너 25ml,25ml,N/A,N/A,5,1,N/A,,,N/A
뷰티,스킨케어,스킨/토너/미스트,토너,https://image.sivillage.com/upload/C00001/s3/goods/org/972/240827029407972.jpg?RS=450&SP=1&QT=20,KLAIRS,[클레어스] 서플 프레퍼레이션 언센티드 토너 듀오 (180ml+180ml),(180ml+180ml),"35,820",10%,5,1,N/A,,,N/A
뷰티,스킨케어,스킨/토너/미스트,토너,https://image.sivillage.com/upload/C00001/goods/org/883/220504002450883.jpg?RS=450&SP=1&QT=20,LUSH,러쉬 티 트리 워터 250g - 토너/스킨,N/A,N/A,N/A,5,13,N/A,,,N/A
뷰티,스킨케어,스킨/토너/미스트,토너,https://image.sivillage.com/upload/C00001/s3/goods/org/466/240718024829466.jpg?RS=450&SP=1&QT=20,MEDIPEEL,[메디필] 히알루론산 레이어 물톡스 토너 200ml,200ml,"18,000",10%,N/A,N/A,N/A,,,N/A
뷰티,스킨케어,스킨/토너/미스트,토너,https://image.sivillage.com/upload/C00001/goods/org/116/230717005730116.png?RS=450&SP=1&QT=20,RAEL,라엘 뷰티 미라클 클리어 2종 세트(토너/크림),N/A,"35,910",10%,N/A,N/A,N/A,,,N/A
뷰티,스킨케어,스킨/토너/미스트,토너,https://image.sivillage.com/upload/C00001/s3/goods/org/605/240801025861605.jpg?RS=450&SP=1&QT=20,PRIMERA,프리메라 오가니언스 베리어 리페어 카밍 에센스 토너 160ml,160ml,"31,500",10%,N/A,N/A,N/A,,,세일
뷰티,스킨케어,스킨/토너/미스트,토너,https://image.sivillage.com/upload/C00001/goods/org/514/230829006077514.jpg?RS=450&SP=1&QT=20,koy,코이 볼륨 베이스 토너 100ml,100ml,"21,600",10%,5,1,N/A,,,세일
뷰티,스킨케어,스킨/토너/미스트,토너,https://image.sivillage.com/upload/C00001/s3/goods/org/015/240801025856015.jpg?RS=450&SP=1&QT=20,THE BODY SHOP,[더바디샵] 더바디샵 스킨 클리어링 토너 250ML,250ML,"26,600",5%,N/A,N/A,N/A,,,N/A
뷰티,스킨케어,스킨/토너/미스트,토너,https://image.sivillage.com/upload/C00001/goods/org/113/230717005730113.png?RS=450&SP=1&QT=20,RAEL,라엘 뷰티 미라클 클리어 릴리프 수딩 토너,N/A,"17,100",10%,N/A,N/A,N/A,,,N/A
뷰티,스킨케어,스킨/토너/미스트,토너,https://image.sivillage.com/upload/C00001/s3/goods/org/459/240612020898459.jpg?RS=450&SP=1&QT=20,NOTSEEBACK,[낫씨백] 원 샷 병아리콩 (보습효과) 250ml,250ml,"17,100",10%,N/A,N/A,N/A,,,N/A
뷰티,스킨케어,스킨/토너/미스트,토너,https://image.sivillage.com/upload/C00001/s3/goods/org/951/240808026600951.jpg?RS=450&SP=1&QT=20,FEMMUE,[파뮤] 로즈 소프트너,N/A,N/A,N/A,N/A,N/A,N/A,,,N/A
뷰티,스킨케어,스킨/토너/미스트,토너,https://image.sivillage.com/upload/C00001/s3/goods/org/916/240827029407916.jpg?RS=450&SP=1&QT=20,KLAIRS,[클레어스] 디어클레어스 데일리 스킨 하이드레이팅 워터 500ml,500ml,"24,210",10%,3,1,N/A,,,N/A
뷰티,스킨케어,스킨/토너/미스트,토너,https://image.sivillage.com/upload/C00001/s3/goods/org/546/240830029935546.jpg?RS=450&SP=1&QT=20,NOTSEEBACK,[낫씨백] 원샷 케이프 알로에토너250ml+미스트100ml 기획세트,알로에토너250ml+미스트100ml,N/A,N/A,5,3,N/A,,,N/A
뷰티,스킨케어,스킨/토너/미스트,토너,https://image.sivillage.com/upload/C00001/s3/goods/org/468/240823028787468.jpg?RS=450&SP=1&QT=20,HUXLEY,[헉슬리] 헉슬리 컨디셔닝 에센스 토너 프리쉐이프 300ml,300ml,"32,400",10%,N/A,N/A,N/A,,,N/A
뷰티,스킨케어,스킨/토너/미스트,토너,https://image.sivillage.com/upload/C00001/s3/goods/org/894/240827029407894.jpg?RS=450&SP=1&QT=20,KLAIRS,[클레어스] 서플 프레퍼레이션 언센티드 토너 30ml,30ml,"4,050",10%,5,2,N/A,,,N/A
뷰티,스킨케어,스킨/토너/미스트,토너,https://image.sivillage.com/upload/C00001/s3/goods/org/831/240826029302831.jpg?RS=450&SP=1&QT=20,NOTSEEBACK,[낫씨백] 투 샷 오미자 (톤개선효과) 200ml,200ml,"20,700",10%,5,2,N/A,,,N/A
뷰티,스킨케어,스킨/토너/미스트,토너,https://image.sivillage.com/upload/C00001/s3/goods/org/859/240604019476859.jpg?RS=450&SP=1&QT=20,NOTSEEBACK,[낫씨백] 원 샷 비타민 트리 (항산화효과) 250ml,250ml,"17,100",10%,5,1,N/A,,,N/A
뷰티,스킨케어,스킨/토너/미스트,토너,https://image.sivillage.com/upload/C00001/s3/goods/org/123/240718024834123.png?RS=450&SP=1&QT=20,belif,[빌리프]프라블럼 솔루션 비건 2종 감사의 달 기획세트,N/A,"64,800",20%,5,1,N/A,,,세일
뷰티,스킨케어,스킨/토너/미스트,토너,https://image.sivillage.com/upload/C00001/s3/goods/org/821/240503015505821.jpg?RS=450&SP=1&QT=20,2aN,케어 앤 하이드레이트 피에이치 토너,N/A,N/A,N/A,N/A,N/A,N/A,,,N/A
뷰티,스킨케어,스킨/토너/미스트,토너,https://image.sivillage.com/upload/C00001/s3/goods/org/969/240823028902969.jpg?RS=450&SP=1&QT=20,GROUNDPLAN,[그라운드플랜] 스킨,N/A,N/A,N/A,N/A,N/A,N/A,,,N/A
뷰티,스킨케어,스킨/토너/미스트,토너,https://image.sivillage.com/upload/C00001/s3/goods/org/537/240827029418537.jpg?RS=450&SP=1&QT=20,SUM37°,[숨37] 퍼멘타리리프트 부스팅 토너150ml,토너150ml,"55,250",15%,N/A,N/A,N/A,,,N/A
뷰티,스킨케어,스킨/토너/미스트,토너,https://image.sivillage.com/upload/C00001/s3/goods/org/757/240827029404757.jpg?RS=450&SP=1&QT=20,CAUDALIE,[꼬달리] 비노테라피스트 립 컨디셔너 4.5g,N/A,"8,910",10%,5,2,N/A,,,N/A
뷰티,스킨케어,스킨/토너/미스트,토너,https://image.sivillage.com/upload/C00001/goods/org/344/230829006077344.jpg?RS=450&SP=1&QT=20,koy,코이 블룸 글로우 로션 토너 150ml,150ml,"37,800",10%,5,1,N/A,,,세일
뷰티,스킨케어,스킨/토너/미스트,토너,https://image.sivillage.com/upload/C00001/goods/org/906/230829006076906.jpg?RS=450&SP=1&QT=20,koy,코이 플로우 리프팅 앰플 토너 200ml,200ml,"25,200",10%,5,2,N/A,,,세일
뷰티,스킨케어,스킨/토너/미스트,토너,https://image.sivillage.com/upload/C00001/s3/goods/org/245/240408013201245.png?RS=450&SP=1&QT=20,ODEAR,오데어 엔더믹 퓨어 골드 케어링 토너 125ml,125ml,"37,800",10%,N/A,N/A,N/A,,,N/A
뷰티,스킨케어,스킨/토너/미스트,토너,https://image.sivillage.com/upload/C00001/goods/org/455/230410004685455.jpg?RS=450&SP=1&QT=20,ODEAR,오데어 딥글로잉 토너패드[엠보] 150g,N/A,"21,600",10%,N/A,N/A,N/A,,,N/A
뷰티,스킨케어,스킨/토너/미스트,토너,https://image.sivillage.com/upload/C00001/goods/org/446/230410004685446.jpg?RS=450&SP=1&QT=20,ODEAR,오데어 딥글로잉 토너패드[플레인] 150g,N/A,"21,600",10%,5,1,N/A,,,N/A
뷰티,스킨케어,스킨/토너/미스트,토너,https://image.sivillage.com/upload/C00001/goods/org/589/231113007026589.jpg?RS=450&SP=1&QT=20,HERA,헤라 옴므 파워부스팅 토너 150ML,150ML,"55,250",15%,5,1,N/A,,,세일
뷰티,스킨케어,스킨/토너/미스트,토너,https://image.sivillage.com/upload/C00001/s3/goods/org/677/240808026595677.jpg?RS=450&SP=1&QT=20,NOTSEEBACK,[낫씨백] 드롭 인 살몬 글리칸 (탄력효과)50ml,(탄력효과)50ml,"24,300",10%,N/A,N/A,N/A,,,N/A
뷰티,스킨케어,스킨/토너/미스트,토너,https://image.sivillage.com/upload/C00001/s3/goods/org/604/240826029303604.jpg?RS=450&SP=1&QT=20,NOTSEEBACK,[낫씨백] 드롭 인 캐비아 콜라겐 (항노화효과) 50ml,50ml,"24,300",10%,5,1,N/A,,,N/A
뷰티,스킨케어,스킨/토너/미스트,토너,https://image.sivillage.com/upload/C00001/s3/goods/org/048/240528018596048.jpg?RS=450&SP=1&QT=20,NOTSEEBACK,[낫씨백] 투 샷 갈락토미세스 (윤기개선효과) 200ml,200ml,N/A,N/A,N/A,N/A,N/A,,,N/A
뷰티,스킨케어,스킨/토너/미스트,토너,https://image.sivillage.com/upload/C00001/s3/goods/org/170/240508015988170.jpg?RS=450&SP=1&QT=20,PARNELL,[파넬] 파넬 시카마누 토너 200ml,200ml,N/A,N/A,N/A,N/A,N/A,,,N/A
뷰티,스킨케어,스킨/토너/미스트,토너,https://image.sivillage.com/upload/C00001/s3/goods/org/779/240523018061779.jpg?RS=450&SP=1&QT=20,AESTURA,에스트라 에이시카 365 세럼 40ml + 에이시카 365 토너 250ml,40ml,"54,400",20%,5,2,N/A,,,세일
