top_category_name,middle_category_name,bottom_category_name,image_src,brand,name,volume,price,discount_rate,rating,review_count,delivery_info,color_image_src,color_name,bedge
뷰티,향수,코롱,https://image.sivillage.com/upload/C00001/s3/goods/org/441/240821028545441.jpg?RS=450&SP=1,Santa Maria Novella,[선물포장] 프리지아 오드코롱 100ml,100ml,"189,000",10%,5,1,N/A,,,세트
뷰티,향수,코롱,https://image.sivillage.com/upload/C00001/goods/org/506/210924001482506.jpg?RS=450&SP=1,Santa Maria Novella,프리지아 오드코롱 100ml,100ml,"189,000",10%,4.9,2420,N/A,"https://image.sivillage.com/upload/C00001/goods/color/color_150010_220620131152.jpg,https://image.sivillage.com/upload/C00001/goods/color/color_150009_220620131152.jpg","100ml,50ml",N/A
뷰티,향수,코롱,https://image.sivillage.com/upload/C00001/s3/goods/org/447/240821028545447.jpg?RS=450&SP=1,Santa Maria Novella,[선물포장] 엔젤 디 피렌체 오드코롱 100ml,100ml,"189,000",10%,N/A,N/A,N/A,,,세트
뷰티,향수,코롱,https://image.sivillage.com/upload/C00001/s3/goods/org/895/240821028544895.jpg?RS=450&SP=1,Santa Maria Novella,[선물포장] 로사 가데니아 오드코롱 100ml,100ml,"189,000",10%,5,1,N/A,,,세트
뷰티,향수,코롱,https://image.sivillage.com/upload/C00001/goods/org/124/230419004745124.png?RS=450&SP=1&QT=20,Santa Maria Novella,엔젤 디 피렌체 오드코롱 100ml,100ml,"189,000",10%,4.9,747,N/A,"https://image.sivillage.com/upload/C00001/goods/color/color_150010_220620131152.jpg,https://image.sivillage.com/upload/C00001/goods/color/color_150009_220620131152.jpg","100ml,50ml",N/A
뷰티,향수,코롱,https://image.sivillage.com/upload/C00001/s3/goods/org/422/240830029815422.jpg?RS=450&SP=1&QT=20,HERMÈS,오 드 네롤리 도레 오 드 코롱 100ml,100ml,N/A,N/A,N/A,N/A,신규입고,,,N/A
뷰티,향수,코롱,https://image.sivillage.com/upload/C00001/goods/org/588/230907006173588.jpg?RS=450&SP=1&QT=20,HERMÈS,오 드 루바브 에칼라트 오 드 코롱 50ml,50ml,N/A,N/A,5,31,N/A,,,N/A
뷰티,향수,코롱,https://image.sivillage.com/upload/C00001/goods/org/479/230117003871479.jpg?RS=450&SP=1&QT=20,Santa Maria Novella,아쿠아 디 콜로니아 - 바니글리아 100ml,100ml,"189,000",10%,5,7,N/A,,,N/A
뷰티,향수,코롱,https://image.sivillage.com/upload/C00001/goods/org/533/230419004745533.png?RS=450&SP=1&QT=20,Santa Maria Novella,멜로그라노 오드코롱 100ml,100ml,"189,000",10%,4.9,736,N/A,"https://image.sivillage.com/upload/C00001/goods/color/color_150010_220620131152.jpg,https://image.sivillage.com/upload/C00001/goods/color/color_150009_220620131152.jpg","100ml,50ml",N/A
뷰티,향수,코롱,https://image.sivillage.com/upload/C00001/goods/org/126/230419004745126.png?RS=450&SP=1&QT=20,Santa Maria Novella,로사 가데니아 오드코롱 100ml,100ml,"189,000",10%,4.9,1236,N/A,"https://image.sivillage.com/upload/C00001/goods/color/color_150010_220620131152.jpg,https://image.sivillage.com/upload/C00001/goods/color/color_150009_220620131152.jpg","100ml,50ml",N/A
뷰티,향수,코롱,https://image.sivillage.com/upload/C00001/goods/org/241/210729001357241.jpg?RS=450&SP=1&QT=20,Santa Maria Novella,아쿠아 디 콜로니아 - 아쿠아 디 시칠리아 100ml,100ml,"189,000",10%,4.4,7,N/A,,,N/A
뷰티,향수,코롱,https://image.sivillage.com/upload/C00001/goods/org/414/230104003768414.jpg?RS=450&SP=1&QT=20,Santa Maria Novella,무스치오 오로 오드코롱 100ml,100ml,"189,000",10%,4.9,227,N/A,"https://image.sivillage.com/upload/C00001/goods/color/color_150010_220620131152.jpg,https://image.sivillage.com/upload/C00001/goods/color/color_150009_220620131152.jpg","100ml,50ml",N/A
뷰티,향수,코롱,https://image.sivillage.com/upload/C00001/goods/org/342/230117003871342.jpg?RS=450&SP=1&QT=20,Santa Maria Novella,알바 디 서울 오드코롱 50ml,50ml,"130,500",10%,5,31,N/A,,,N/A
뷰티,향수,코롱,https://image.sivillage.com/upload/C00001/s3/goods/org/422/240730025695422.jpg?RS=450&SP=1&QT=20,HERMÈS,오 드 시트론 느와 오드코롱 100ml,100ml,N/A,N/A,5,11,N/A,"https://image.sivillage.com/upload/C00001/goods/color/color_150010_220620131152.jpg,https://image.sivillage.com/upload/C00001/goods/color/color_150009_220620131152.jpg","100ml,50ml",N/A
뷰티,향수,코롱,https://image.sivillage.com/upload/C00001/s3/goods/org/723/240730025694723.jpg?RS=450&SP=1&QT=20,HERMÈS,오 도랑쥬 베르트 오드코롱 100ml,100ml,N/A,N/A,4.9,11,N/A,"https://image.sivillage.com/upload/C00001/goods/color/color_150010_220620131152.jpg,https://image.sivillage.com/upload/C00001/goods/color/color_150009_220620131152.jpg","100ml,50ml",N/A
뷰티,향수,코롱,https://image.sivillage.com/upload/C00001/goods/org/393/230117003871393.jpg?RS=450&SP=1&QT=20,Santa Maria Novella,아쿠아 디 콜로니아 - 베티베르 100ml,100ml,"189,000",10%,5,1,N/A,,,N/A
뷰티,향수,코롱,https://image.sivillage.com/upload/C00001/goods/org/257/210503001212257.jpg?RS=450&SP=1&QT=20,Santa Maria Novella,아쿠아 디 콜로니아 - 젤소미노 100ml,100ml,"189,000",10%,4.5,7,N/A,,,N/A
뷰티,향수,코롱,https://image.sivillage.com/upload/C00001/goods/org/120/230419004745120.png?RS=450&SP=1&QT=20,Santa Maria Novella,타바코 토스카노 오드코롱 100ml,100ml,"189,000",10%,4.9,211,N/A,"https://image.sivillage.com/upload/C00001/goods/color/color_150010_220620131152.jpg,https://image.sivillage.com/upload/C00001/goods/color/color_150009_220620131152.jpg","100ml,50ml",N/A
뷰티,향수,코롱,https://image.sivillage.com/upload/C00001/goods/org/117/230419004745117.png?RS=450&SP=1&QT=20,Santa Maria Novella,포푸리 오드코롱 100ml,100ml,"189,000",10%,4.9,110,N/A,"https://image.sivillage.com/upload/C00001/goods/color/color_150010_220620131152.jpg,https://image.sivillage.com/upload/C00001/goods/color/color_150009_220620131152.jpg","100ml,50ml",N/A
뷰티,향수,코롱,https://image.sivillage.com/upload/C00001/goods/org/100/230907006317100.jpg?RS=450&SP=1&QT=20,Santa Maria Novella,알바 디 서울 오드코롱 100ml,100ml,"189,000",10%,4.9,31,N/A,,,N/A
뷰티,향수,코롱,https://image.sivillage.com/upload/C00001/goods/org/162/210503001212162.jpg?RS=450&SP=1&QT=20,Santa Maria Novella,아쿠아 디 콜로니아 - 카프리폴리오 100ml,100ml,"189,000",10%,4.5,2,N/A,,,N/A
뷰티,향수,코롱,https://image.sivillage.com/upload/C00001/goods/org/561/230907006174561.jpg?RS=450&SP=1&QT=20,HERMÈS,오 드 루바브 에칼라트 오 드 코롱 100ml,100ml,N/A,N/A,4.9,61,N/A,,,N/A
뷰티,향수,코롱,https://image.sivillage.com/upload/C00001/goods/org/466/230419004746466.png?RS=450&SP=1&QT=20,Santa Maria Novella,로사 노벨라 오드코롱 100ml,100ml,"189,000",10%,4.8,147,N/A,"https://image.sivillage.com/upload/C00001/goods/color/color_150010_220620131152.jpg,https://image.sivillage.com/upload/C00001/goods/color/color_150009_220620131152.jpg","100ml,50ml",N/A
뷰티,향수,코롱,https://image.sivillage.com/upload/C00001/goods/org/887/230907006219887.jpg?RS=450&SP=1&QT=20,Santa Maria Novella,아쿠아 디 콜로니아 - 오포포낙스 100ml,100ml,"189,000",10%,5,8,N/A,,,N/A
뷰티,향수,코롱,https://image.sivillage.com/upload/C00001/goods/org/683/230117003871683.jpg?RS=450&SP=1&QT=20,Santa Maria Novella,아쿠아 디 콜로니아 - 루사 100ml,100ml,"189,000",10%,4.9,14,N/A,,,N/A
뷰티,향수,코롱,https://image.sivillage.com/upload/C00001/goods/org/032/230117003871032.jpg?RS=450&SP=1&QT=20,Santa Maria Novella,파출리 오드코롱 50ml,50ml,"130,500",10%,4.9,27,N/A,,,N/A
뷰티,향수,코롱,https://image.sivillage.com/upload/C00001/goods/org/299/230117003871299.jpg?RS=450&SP=1&QT=20,Santa Maria Novella,로사 오드코롱 100ml,100ml,"189,000",10%,5,44,N/A,"https://image.sivillage.com/upload/C00001/goods/color/color_150010_220620131152.jpg,https://image.sivillage.com/upload/C00001/goods/color/color_150009_220620131152.jpg","100ml,50ml",N/A
뷰티,향수,코롱,https://image.sivillage.com/upload/C00001/goods/org/426/220817002966426.jpg?RS=450&SP=1&QT=20,HERMÈS,오 드 바질릭 뿌프르 오드코롱 50 ml   ,ml,N/A,N/A,N/A,N/A,N/A,,,N/A
뷰티,향수,코롱,https://image.sivillage.com/upload/C00001/goods/org/506/230907006175506.jpg?RS=450&SP=1&QT=20,HERMÈS,오 드 만다린 암브레 오드코롱 100ml,100ml,N/A,N/A,N/A,N/A,N/A,,,N/A
뷰티,향수,코롱,https://image.sivillage.com/upload/C00001/goods/org/605/230802005879605.jpg?RS=450&SP=1&QT=20,HERMÈS,오 드 네롤리 도레 오 드 코롱 100ml,100ml,N/A,N/A,N/A,N/A,N/A,,,N/A
뷰티,향수,코롱,https://image.sivillage.com/upload/C00001/goods/org/410/220817002966410.jpg?RS=450&SP=1&QT=20,HERMÈS,오 드 바질릭 뿌프르 오드코롱 100 ml   ,ml,N/A,N/A,N/A,N/A,N/A,,,N/A
뷰티,향수,코롱,https://image.sivillage.com/upload/C00001/goods/org/471/230907006294471.jpg?RS=450&SP=1&QT=20,Santa Maria Novella,아쿠아 디 콜로니아 - 무게또 100ml,100ml,"189,000",10%,4.6,13,N/A,,,N/A
뷰티,향수,코롱,https://image.sivillage.com/upload/C00001/goods/org/138/230907006277138.jpg?RS=450&SP=1&QT=20,Santa Maria Novella,아쿠아 디 콜로니아 - 퓨 데스파냐 100ml,100ml,"189,000",10%,5,4,N/A,,,N/A
뷰티,향수,코롱,https://image.sivillage.com/upload/C00001/goods/org/429/230117003871429.jpg?RS=450&SP=1&QT=20,Santa Maria Novella,아쿠아 디 콜로니아 - 튜브로사 100ml,100ml,"189,000",10%,N/A,N/A,N/A,,,N/A
뷰티,향수,코롱,https://image.sivillage.com/upload/C00001/goods/org/054/230907006278054.jpg?RS=450&SP=1&QT=20,Santa Maria Novella,아쿠아 디 콜로니아 - 카라 로사 100ml,100ml,"189,000",10%,4.9,100,N/A,,,N/A
뷰티,향수,코롱,https://image.sivillage.com/upload/C00001/goods/org/517/230907006288517.jpg?RS=450&SP=1&QT=20,Santa Maria Novella,파출리 오드코롱 100ml,100ml,"189,000",10%,5,4,N/A,,,N/A
뷰티,향수,코롱,https://image.sivillage.com/upload/C00001/goods/org/450/190208000168450.jpg?RS=450&SP=1&QT=20,HERMÈS,오 드 팜플무스 로즈 오드코롱 100ml,100ml,N/A,N/A,5,4,N/A,,,N/A
뷰티,향수,코롱,https://image.sivillage.com/upload/C00001/goods/org/735/230907006308735.jpg?RS=450&SP=1&QT=20,Santa Maria Novella,친칸타 오드코롱 100ml,100ml,"189,000",10%,4.9,180,N/A,"https://image.sivillage.com/upload/C00001/goods/color/color_150010_220620131152.jpg,https://image.sivillage.com/upload/C00001/goods/color/color_010021_220325094031.jpg","100ml,50ml",N/A
뷰티,향수,코롱,https://image.sivillage.com/upload/C00001/goods/org/519/210924001482519.jpg?RS=450&SP=1&QT=20,Santa Maria Novella,아쿠아 델라 레지나 오드코롱 100ml,100ml,"189,000",10%,4.8,90,N/A,"https://image.sivillage.com/upload/C00001/goods/color/color_150010_220620131152.jpg,https://image.sivillage.com/upload/C00001/goods/color/color_150009_220620131152.jpg","100ml,50ml",N/A
뷰티,향수,코롱,https://image.sivillage.com/upload/C00001/s3/goods/org/858/240830029969858.jpg?RS=450&SP=1&QT=20,JO MALONE,조말론 블랙베리 앤 베이 코롱 100ml+조말론 쇼핑백 증정,100ml+조말론,"152,000",30%,4.8,81,N/A,"https://image.sivillage.com/upload/C00001/goods/color/color_150010_220620131152.jpg,https://image.sivillage.com/upload/C00001/goods/color/color_150012_220620131152.jpg","100ml,30ml",세일
뷰티,향수,코롱,https://image.sivillage.com/upload/C00001/goods/org/306/230801005860306.jpg?RS=450&SP=1&QT=20,LUSH,러쉬 대드스 가든 100ml - 퍼퓸/향수,100ml,N/A,N/A,N/A,N/A,N/A,,,N/A
뷰티,향수,코롱,https://image.sivillage.com/upload/C00001/s3/goods/org/822/240801025855822.jpg?RS=450&SP=1&QT=20,ACQUA DI PARMA,[아쿠아 디 파르마] 콜로니아 오 드 코롱 100ml,100ml,"238,500",10%,5,1,N/A,,,N/A
뷰티,향수,코롱,https://image.sivillage.com/upload/C00001/s3/goods/org/001/240801025855001.jpg?RS=450&SP=1&QT=20,ACQUA DI PARMA,[아쿠아 디 파르마] NEW 콜로니아 클럽 EDC 100ml,100ml,"238,500",10%,5,1,N/A,,,N/A
뷰티,향수,코롱,https://image.sivillage.com/upload/C00001/s3/goods/org/095/240828029578095.jpg?RS=450&SP=1&QT=20,LUSH,로드 오브 미스룰 200ml - 바디 스프레이,200ml,N/A,N/A,5,1,신규입고,,,N/A
뷰티,향수,코롱,https://image.sivillage.com/upload/C00001/s3/goods/org/936/240801025854936.jpg?RS=450&SP=1&QT=20,ACQUA DI PARMA,[아쿠아 디 파르마] NEW 콜로니아 클럽 EDC 50ml,50ml,"166,500",10%,N/A,N/A,N/A,,,N/A
뷰티,향수,코롱,https://image.sivillage.com/upload/C00001/s3/goods/org/803/240403012829803.jpg?RS=450&SP=1&QT=20,LUSH,알리나 100ml - 퍼퓸/향수/마더스,100ml,N/A,N/A,N/A,N/A,N/A,,,N/A
뷰티,향수,코롱,https://image.sivillage.com/upload/C00001/goods/org/921/220506002458921.jpg?RS=450&SP=1&QT=20,LUSH,러쉬 더티 100ml - 퍼퓸/향수,100ml,N/A,N/A,5,6,N/A,,,N/A
뷰티,향수,코롱,https://image.sivillage.com/upload/C00001/s3/goods/org/520/240801025854520.jpg?RS=450&SP=1&QT=20,ACQUA DI PARMA,[아쿠아 디 파르마] 콜로니아 오 드 코롱 50ml,50ml,"166,500",10%,5,1,N/A,,,N/A
뷰티,향수,코롱,https://image.sivillage.com/upload/C00001/s3/goods/org/403/240612020940403.jpg?RS=450&SP=1&QT=20,LUSH,프레쉬 애즈 100ml - 퍼퓸/향수,100ml,N/A,N/A,N/A,N/A,N/A,,,N/A
뷰티,향수,코롱,https://image.sivillage.com/upload/C00001/goods/org/903/220506002458903.jpg?RS=450&SP=1&QT=20,LUSH,러쉬 정크 100ml - 퍼퓸/향수,100ml,N/A,N/A,N/A,N/A,N/A,,,N/A
뷰티,향수,코롱,https://image.sivillage.com/upload/C00001/s3/goods/org/806/240829029648806.jpg?RS=450&SP=1&QT=20,ACQUA DI PARMA,[아쿠아 디 파르마] 콜로니아 에센자 오 드 코롱 50ml,50ml,"166,500",10%,5,4,N/A,,,N/A
뷰티,향수,코롱,https://image.sivillage.com/upload/C00001/goods/org/476/230801005860476.jpg?RS=450&SP=1&QT=20,LUSH,러쉬 그래스 100ml - 퍼퓸/향수,100ml,N/A,N/A,N/A,N/A,N/A,,,N/A
뷰티,향수,코롱,https://image.sivillage.com/upload/C00001/s3/goods/org/504/240830029968504.jpg?RS=450&SP=1&QT=20,JO MALONE,조말론 잉글리쉬 페어 앤 프리지아 코롱 100ml+조말론 쇼핑백 증정,100ml+조말론,"167,200",23%,4.9,49,N/A,,,N/A
뷰티,향수,코롱,https://image.sivillage.com/upload/C00001/s3/goods/org/860/240830029969860.jpg?RS=450&SP=1&QT=20,JO MALONE,조말론 우드 세이지 앤 씨 쏠트 코롱 100ml+조말론 쇼핑백 증정,100ml+조말론,"161,500",25%,4.8,34,N/A,"https://image.sivillage.com/upload/C00001/goods/color/color_150010_220620131152.jpg,https://image.sivillage.com/upload/C00001/goods/color/color_150012_220620131152.jpg","100ml,30ml",세일
뷰티,향수,코롱,https://image.sivillage.com/upload/C00001/s3/goods/org/506/240830029968506.jpg?RS=450&SP=1&QT=20,JO MALONE,조말론 라임 바질 앤 만다린 코롱 100ml,100ml,"157,700",27%,4.8,30,N/A,"https://image.sivillage.com/upload/C00001/goods/color/color_150010_220620131152.jpg,https://image.sivillage.com/upload/C00001/goods/color/color_150012_220620131152.jpg","100ml,30ml",N/A
뷰티,향수,코롱,https://image.sivillage.com/upload/C00001/goods/org/136/230109003798136.jpg?RS=450&SP=1&QT=20,LUSH,러쉬 더티 보디 스프레이 200ml - 바디 스프레이,200ml,N/A,N/A,4.9,45,N/A,,,N/A
뷰티,향수,코롱,https://image.sivillage.com/upload/C00001/goods/org/930/220506002458930.jpg?RS=450&SP=1,LUSH,러쉬 팬지 퍼퓸&낫랩 - 기프트,N/A,N/A,N/A,N/A,N/A,N/A,,,N/A
뷰티,향수,코롱,https://image.sivillage.com/upload/C00001/goods/org/934/220506002458934.jpg?RS=450&SP=1,LUSH,러쉬 더티 퍼퓸&낫랩 - 기프트,N/A,N/A,N/A,N/A,N/A,N/A,,,N/A
뷰티,향수,코롱,https://image.sivillage.com/upload/C00001/goods/org/942/220506002458942.jpg?RS=450&SP=1,LUSH,러쉬 로즈 잼 - 기프트,N/A,N/A,N/A,N/A,N/A,N/A,,,N/A
뷰티,향수,코롱,https://image.sivillage.com/upload/C00001/s3/goods/org/278/240108007972278.jpg?RS=450&SP=1,LUSH,러쉬 뉴 로맨틱스 30ml - 퍼퓸/발렌타인,30ml,N/A,N/A,5,1,N/A,,,N/A
뷰티,향수,코롱,https://image.sivillage.com/upload/C00001/goods/org/074/230331004618074.jpg?RS=450&SP=1,LUSH,러쉬 제스티 200ml - 바디 스프레이,200ml,N/A,N/A,5,4,N/A,,,N/A
뷰티,향수,코롱,https://image.sivillage.com/upload/C00001/goods/org/907/220506002458907.jpg?RS=450&SP=1,LUSH,러쉬 아메리칸 크림 30ml - 퍼퓸/향수,30ml,N/A,N/A,5,3,N/A,,,N/A
뷰티,향수,코롱,https://image.sivillage.com/upload/C00001/goods/org/905/220506002458905.jpg?RS=450&SP=1&QT=20,LUSH,러쉬 정크 30ml - 퍼퓸/향수,30ml,N/A,N/A,4,2,N/A,,,N/A
뷰티,향수,코롱,https://image.sivillage.com/upload/C00001/goods/org/911/220506002458911.jpg?RS=450&SP=1&QT=20,LUSH,러쉬 바닐라리 30ml - 퍼퓸/향수,30ml,N/A,N/A,N/A,N/A,N/A,,,N/A
뷰티,향수,코롱,https://image.sivillage.com/upload/C00001/goods/org/211/230109003798211.jpg?RS=450&SP=1&QT=20,LUSH,러쉬 가디언 오브 더 포레스트 200ml - 바디 스프레이,200ml,N/A,N/A,5,7,N/A,,,N/A
뷰티,향수,코롱,https://image.sivillage.com/upload/C00001/goods/org/376/230126003942376.jpg?RS=450&SP=1&QT=20,LUSH,러쉬 렛 더 굿 타임즈 롤 200ml - 바디 스프레이,200ml,N/A,N/A,5,1,N/A,,,N/A
뷰티,향수,코롱,https://image.sivillage.com/upload/C00001/s3/goods/org/040/240403012830040.jpg?RS=450&SP=1&QT=20,LUSH,알리나 30ml - 퍼퓸/향수/마더스,30ml,N/A,N/A,N/A,N/A,N/A,,,N/A
뷰티,향수,코롱,https://image.sivillage.com/upload/C00001/goods/org/909/220506002458909.jpg?RS=450&SP=1&QT=20,LUSH,러쉬 썬 30ml - 퍼퓸/향수,30ml,N/A,N/A,N/A,N/A,N/A,,,N/A
뷰티,향수,코롱,https://image.sivillage.com/upload/C00001/goods/org/893/220506002458893.jpg?RS=450&SP=1&QT=20,LUSH,러쉬 쉐이드 30ml - 퍼퓸/향수,30ml,N/A,N/A,N/A,N/A,N/A,,,N/A
뷰티,향수,코롱,https://image.sivillage.com/upload/C00001/goods/org/919/220506002458919.jpg?RS=450&SP=1&QT=20,LUSH,러쉬 카마 30ml - 퍼퓸/향수,30ml,N/A,N/A,5,4,N/A,,,N/A
뷰티,향수,코롱,https://image.sivillage.com/upload/C00001/goods/org/766/220923003175766.jpg?RS=450&SP=1&QT=20,LUSH,러쉬 트와일라잇 200ml - 바디 스프레이,200ml,N/A,N/A,5,15,N/A,,,N/A
뷰티,향수,코롱,https://image.sivillage.com/upload/C00001/s3/goods/org/859/240830029969859.jpg?RS=450&SP=1&QT=20,JO MALONE,조말론 피그 앤 로터스 플라워 코롱 100ml,100ml,"157,700",28%,N/A,N/A,N/A,,,N/A
뷰티,향수,코롱,https://image.sivillage.com/upload/C00001/goods/org/056/230331004618056.jpg?RS=450&SP=1&QT=20,LUSH,러쉬 로즈 잼 200ml - 바디 스프레이,200ml,N/A,N/A,4.8,5,N/A,,,N/A
뷰티,향수,코롱,https://image.sivillage.com/upload/C00001/s3/goods/org/513/240830029968513.jpg?RS=450&SP=1&QT=20,JO MALONE,조말론 레드 로즈 코롱 100ml,100ml,"157,700",28%,5,1,N/A,,,N/A
뷰티,향수,코롱,https://image.sivillage.com/upload/C00001/s3/goods/org/515/240830029968515.jpg?RS=450&SP=1&QT=20,JO MALONE,조말론 와일드 블루벨 코롱 100ml,100ml,"159,600",26%,4.9,12,N/A,,,N/A
뷰티,향수,코롱,https://image.sivillage.com/upload/C00001/goods/org/932/220506002458932.jpg?RS=450&SP=1&QT=20,LUSH,러쉬 카마 퍼퓸&낫랩 - 기프트,N/A,N/A,N/A,N/A,N/A,N/A,,,N/A
뷰티,향수,코롱,https://image.sivillage.com/upload/C00001/goods/org/090/230331004618090.png?RS=450&SP=1&QT=20,LUSH,러쉬 플럼 레인 200ml - 바디 스프레이,200ml,N/A,N/A,N/A,N/A,N/A,,,N/A
뷰티,향수,코롱,https://image.sivillage.com/upload/C00001/goods/org/849/220506002458849.jpg?RS=450&SP=1&QT=20,LUSH,러쉬 더 컴포터 200ml - 바디 스프레이,200ml,N/A,N/A,N/A,N/A,N/A,,,N/A
뷰티,향수,코롱,https://image.sivillage.com/upload/C00001/goods/org/897/220506002458897.jpg?RS=450&SP=1&QT=20,LUSH,러쉬 로즈 잼 30ml - 퍼퓸/향수,30ml,N/A,N/A,5,2,N/A,,,N/A
뷰티,향수,코롱,https://image.sivillage.com/upload/C00001/goods/org/171/221208003627171.jpg?RS=450&SP=1&QT=20,LUSH,러쉬 사쿠라 200ml - 바디 스프레이,200ml,N/A,N/A,5,2,N/A,,,N/A
뷰티,향수,코롱,https://image.sivillage.com/upload/C00001/goods/org/923/220506002458923.jpg?RS=450&SP=1&QT=20,LUSH,러쉬 더티 30ml - 퍼퓸/향수,30ml,N/A,N/A,5,10,N/A,,,N/A
뷰티,향수,코롱,https://image.sivillage.com/upload/C00001/goods/org/080/230331004618080.jpg?RS=450&SP=1&QT=20,LUSH,러쉬 빅 200ml - 바디 스프레이,200ml,N/A,N/A,5,10,N/A,,,N/A
뷰티,향수,코롱,https://image.sivillage.com/upload/C00001/goods/org/271/221208003627271.jpg?RS=450&SP=1&QT=20,LUSH,러쉬 섹스 밤 200ml - 바디 스프레이,200ml,N/A,N/A,5,8,N/A,,,N/A
뷰티,향수,코롱,https://image.sivillage.com/upload/C00001/goods/org/242/230801005860242.jpg?RS=450&SP=1&QT=20,LUSH,러쉬 허니 아이 워시드 더 키즈 200ml - 바디 스프레이,200ml,N/A,N/A,5,1,N/A,,,N/A
뷰티,향수,코롱,https://image.sivillage.com/upload/C00001/goods/org/051/230331004618051.jpg?RS=450&SP=1&QT=20,LUSH,러쉬 대드스 가든 레몬 트리 200ml - 바디 스프레이,200ml,N/A,N/A,5,8,N/A,,,N/A
뷰티,향수,코롱,https://image.sivillage.com/upload/C00001/goods/org/193/230109003798193.jpg?RS=450&SP=1&QT=20,LUSH,러쉬 아보카도 코-워시 200ml - 바디 스프레이,200ml,N/A,N/A,N/A,N/A,N/A,,,N/A
뷰티,향수,코롱,https://image.sivillage.com/upload/C00001/s3/goods/org/464/240612020934464.jpg?RS=450&SP=1&QT=20,LUSH,러쉬 더티 - 기프트,N/A,N/A,N/A,5,3,N/A,,,N/A
뷰티,향수,코롱,https://image.sivillage.com/upload/C00001/goods/org/901/220506002458901.jpg?RS=450&SP=1&QT=20,LUSH,러쉬 팬지 30ml - 퍼퓸/향수,30ml,N/A,N/A,4.9,23,N/A,,,N/A
뷰티,향수,코롱,https://image.sivillage.com/upload/C00001/goods/org/150/230821006024150.jpg?RS=450&SP=1&QT=20,LUSH,러쉬 솔티 200ml - 바디 스프레이,200ml,N/A,N/A,5,7,N/A,,,N/A
뷰티,향수,코롱,https://image.sivillage.com/upload/C00001/goods/org/823/230130003964823.jpg?RS=450&SP=1&QT=20,LUSH,러쉬 팬지 6g - 솔리드 퍼퓸/고체 향수,N/A,N/A,N/A,4.7,7,N/A,,,N/A
뷰티,향수,코롱,https://image.sivillage.com/upload/C00001/goods/org/117/220905003071117.png?RS=450&SP=1&QT=20,N.C.P.,[우디] 601 앰버 & 가이악우드 EDP 10ml,10ml,"35,100",10%,N/A,N/A,N/A,,,N/A
뷰티,향수,코롱,https://image.sivillage.com/upload/C00001/goods/org/115/231025006664115.jpg?RS=450&SP=1&QT=20,4711,[4711] 아쿠아콜로니아 핑크페퍼 앤 그레이프프룻 EDC 100ml,100ml,"55,570",14%,N/A,N/A,N/A,,,N/A
뷰티,향수,코롱,https://image.sivillage.com/upload/C00001/goods/org/871/220506002458871.jpg?RS=450&SP=1&QT=20,LUSH,러쉬 로즈 잼 6g - 솔리드 퍼퓸/고체 향수,N/A,N/A,N/A,5,5,N/A,,,N/A
뷰티,향수,코롱,https://image.sivillage.com/upload/C00001/goods/org/883/220506002458883.jpg?RS=450&SP=1&QT=20,LUSH,러쉬 러스트 6g - 솔리드 퍼퓸/고체 향수,N/A,N/A,N/A,N/A,N/A,N/A,,,N/A
뷰티,향수,코롱,https://image.sivillage.com/upload/C00001/goods/org/873/220506002458873.jpg?RS=450&SP=1&QT=20,LUSH,러쉬 로드 오브 미스룰 6g - 솔리드 퍼퓸/고체 향수,N/A,N/A,N/A,5,2,N/A,,,N/A
뷰티,향수,코롱,https://image.sivillage.com/upload/C00001/goods/org/885/220506002458885.jpg?RS=450&SP=1&QT=20,LUSH,러쉬 카마 6g - 솔리드 퍼퓸/고체 향수,N/A,N/A,N/A,5,7,N/A,,,N/A
뷰티,향수,코롱,https://image.sivillage.com/upload/C00001/goods/org/439/220901003050439.png?RS=450&SP=1&QT=20,N.C.P.,[시트러스] 101 클레멘타인 & 바이올렛플라워 EDP 10ml,10ml,"35,100",10%,5,2,N/A,,,N/A
뷰티,향수,코롱,https://image.sivillage.com/upload/C00001/goods/org/887/220506002458887.jpg?RS=450&SP=1&QT=20,LUSH,러쉬 더티 6g - 솔리드 퍼퓸/고체 향수,N/A,N/A,N/A,4.9,15,N/A,,,N/A
뷰티,향수,코롱,https://image.sivillage.com/upload/C00001/goods/org/114/231025006664114.jpg?RS=450&SP=1&QT=20,4711,[4711] 아쿠아콜로니아 블러드오렌지 앤 바질 EDC 100ml,100ml,"55,570",14%,N/A,N/A,N/A,,,N/A
뷰티,향수,코롱,https://image.sivillage.com/upload/C00001/goods/org/881/220506002458881.jpg?RS=450&SP=1&QT=20,LUSH,러쉬 바닐라리 6g - 솔리드 퍼퓸/고체 향수,N/A,N/A,N/A,5,3,N/A,,,N/A
