top_category_name,middle_category_name,bottom_category_name,sub_category_name,image_src,brand,name,volume,price,discount_rate,rating,review_count,delivery_info,color_image_src,color_name,bedge
뷰티,메이크업,립 메이크업,립케어,https://image.sivillage.com/upload/C00001/goods/org/546/220628002706546.jpg?RS=450&SP=1,YUNJAC,백년초 앤 우질두 수분진정 립케어밤,N/A,"23,750",5%,4.9,26,N/A,,,N/A
뷰티,메이크업,립 메이크업,립케어,https://image.sivillage.com/upload/C00001/s3/goods/org/437/231201007259437.jpg?RS=450&SP=1,LA PERVA,[단독구성][수잔카프만] 베스트 보습 케어 세트 (바디 버터 + 립 밤),N/A,N/A,N/A,5,1,N/A,,,세트
뷰티,메이크업,립 메이크업,립케어,https://image.sivillage.com/upload/C00001/s3/goods/org/173/240530018935173.jpg?RS=450&SP=1,LA BRUKET,립 밤 아몬드/코코넛 14g,N/A,"21,250",15%,4.9,3247,N/A,,,N/A
뷰티,메이크업,립 메이크업,립케어,https://image.sivillage.com/upload/C00001/goods/org/652/230907006250652.jpg?RS=450&SP=1,HERMÈS,루즈 에르메스 립 케어 밤,N/A,N/A,N/A,5,113,N/A,,,N/A
뷰티,메이크업,립 메이크업,립케어,https://image.sivillage.com/upload/C00001/goods/org/726/230907006175726.jpg?RS=450&SP=1&QT=20,HERMÈS,에르메지스티블 인퓨즈드 립 케어 오일 컬러 앤 센트 01 베쥬 사포티유,N/A,N/A,N/A,4.9,81,N/A,"https://image.sivillage.com/upload/C00001/goods/color/color_060117_220509203443.jpg,https://image.sivillage.com/upload/C00001/goods/color/color_060121_220509203556.jpg,https://image.sivillage.com/upload/C00001/goods/color/color_060122_220509203611.jpg,https://image.sivillage.com/upload/C00001/goods/color/color_060119_220509203523.jpg,https://image.sivillage.com/upload/C00001/goods/color/color_060120_220509203540.jpg,https://image.sivillage.com/upload/C00001/goods/color/color_060118_220509203507.jpg","01 베쥬 사포티유,05 로즈 콜라,06 뿌프르 카마린,03 로즈 피타야,04 루즈 아마렐,02 꼬라이유 비가라드",N/A
뷰티,메이크업,립 메이크업,립케어,https://image.sivillage.com/upload/C00001/s3/goods/org/980/240725025308980.jpg?RS=450&SP=1&QT=20,MALIN+GOETZ,립 서비스,N/A,"53,200",5%,N/A,N/A,N/A,,,N/A
뷰티,메이크업,립 메이크업,립케어,https://image.sivillage.com/upload/C00001/goods/org/812/230307004399812.jpg?RS=450&SP=1&QT=20,LA PERVA,[닥터바바라스텀] 립 밤 12g,N/A,N/A,N/A,5,5,N/A,,,N/A
뷰티,메이크업,립 메이크업,립케어,https://image.sivillage.com/upload/C00001/goods/org/073/230907006171073.jpg?RS=450&SP=1&QT=20,HOURGLASS,Nº 28 립 트리트먼트 오일,N/A,"67,500",10%,4.9,53,N/A,,,N/A
뷰티,메이크업,립 메이크업,립케어,https://image.sivillage.com/upload/C00001/goods/org/822/190425000289822.jpg?RS=450&SP=1&QT=20,HOURGLASS,Nº 28 립 트리트먼트 오일 (녹터널),N/A,"67,500",10%,5,2,N/A,,,N/A
뷰티,메이크업,립 메이크업,립케어,https://image.sivillage.com/upload/C00001/goods/org/119/230907006172119.jpg?RS=450&SP=1&QT=20,HOURGLASS,Nº 28 립 트리트먼트 오일 (아이콘),N/A,"67,500",10%,4.7,75,N/A,"https://image.sivillage.com/upload/C00001/goods/color/0000433.jpg,https://image.sivillage.com/upload/C00001/goods/color/0000435.jpg,https://image.sivillage.com/upload/C00001/goods/color/0000434.jpg,https://image.sivillage.com/upload/C00001/goods/color/0000432.jpg","아이콘,카메오,어돈,베어",N/A
뷰티,메이크업,립 메이크업,립케어,https://image.sivillage.com/upload/C00001/s3/goods/org/234/240604019637234.png?RS=450&SP=1&QT=20,LA PERVA,[수잔카프만] 립 밤 3.5g,N/A,"26,100",10%,4.9,18,N/A,,,N/A
뷰티,메이크업,립 메이크업,립케어,https://image.sivillage.com/upload/C00001/s3/goods/org/292/240416013940292.jpg?RS=450&SP=1&QT=20,LA PERVA,[단독구성][수잔카프만] 데일리 보습 케어 세트 (립 밤 + 핸드크림),N/A,N/A,N/A,5,3,N/A,,,세트
뷰티,메이크업,립 메이크업,립케어,https://image.sivillage.com/upload/C00001/goods/org/461/230908006339461.jpg?RS=450&SP=1&QT=20,Santa Maria Novella,이드라딴테 리브라 (립밤),N/A,"46,800",10%,4.8,56,N/A,,,N/A
뷰티,메이크업,립 메이크업,립케어,https://image.sivillage.com/upload/C00001/goods/org/100/230223004270100.jpg?RS=450&SP=1&QT=20,LA BRUKET,리커버리 립 마스크 앨지/로즈힙 오일 15g,N/A,"47,700",10%,4.8,19,N/A,,,N/A
뷰티,메이크업,립 메이크업,립케어,https://image.sivillage.com/upload/C00001/s3/goods/org/902/240828029569902.jpg?RS=450&SP=1&QT=20,LUSH,배트커런트 20g - 립 스크럽,N/A,N/A,N/A,N/A,N/A,신규입고,,,N/A
뷰티,메이크업,립 메이크업,립케어,https://image.sivillage.com/upload/C00001/s3/goods/org/504/240828029569504.jpg?RS=450&SP=1&QT=20,LUSH,블러드 오렌지 20g - 립 스크럽,N/A,N/A,N/A,N/A,N/A,신규입고,,,N/A
뷰티,메이크업,립 메이크업,립케어,https://image.sivillage.com/upload/C00001/s3/goods/org/498/240901030133498.jpg?RS=450&SP=1&QT=20,CLE DE PEAU BEAUTE,[끌레드뽀보떼] 프로텍티브 립 트리트먼트,N/A,"68,400",5%,N/A,N/A,N/A,,,N/A
뷰티,메이크업,립 메이크업,립케어,https://image.sivillage.com/upload/C00001/s3/goods/org/036/240901030133036.jpg?RS=450&SP=1&QT=20,L`OCCITANE,[록시땅] 시어 울트라 리치 립밤 12ml,12ml,"14,400",10%,5,9,N/A,,,N/A
뷰티,메이크업,립 메이크업,립케어,https://image.sivillage.com/upload/C00001/s3/goods/org/611/240326012006611.jpg?RS=450&SP=1&QT=20,SULWHASOO,설화수 윤조 립밤 3g (옵션),N/A,N/A,N/A,5,20,N/A,,,N/A
뷰티,메이크업,립 메이크업,립케어,https://image.sivillage.com/upload/C00001/s3/goods/org/935/240530018909935.jpg?RS=450&SP=1&QT=20,HERA,[NEW]헤라 센슈얼 립앤치크 7g,N/A,"40,500",10%,5,1,N/A,,,세일
뷰티,메이크업,립 메이크업,립케어,https://image.sivillage.com/upload/C00001/s3/goods/org/173/240831030126173.jpg?RS=450&SP=1&QT=20,NARS,[나스] 에프터글로우 립 밤,N/A,"36,000",10%,4.9,32,N/A,,,N/A
뷰티,메이크업,립 메이크업,립케어,https://image.sivillage.com/upload/C00001/s3/goods/org/528/240222009220528.jpg?RS=450&SP=1&QT=20,HOTEL DAWSON,호텔도슨 블렌딩 립밤 4종 택2 세트,N/A,"28,800",10%,5,4,N/A,,,세일
뷰티,메이크업,립 메이크업,립케어,https://image.sivillage.com/upload/C00001/s3/goods/org/694/240422014529694.jpg?RS=450&SP=1&QT=20,PAUL&JOE,폴앤조 립스틱 UV SPF25 (자외선 차단 립밤),N/A,"27,000",10%,5,1,N/A,,,N/A
뷰티,메이크업,립 메이크업,립케어,https://image.sivillage.com/upload/C00001/s3/goods/org/131/240831030125131.jpg?RS=450&SP=1&QT=20,HUXLEY,[헉슬리] (NEW 컬러추가) 립밤 리브 비하인드,N/A,N/A,N/A,5,3,N/A,,,N/A
뷰티,메이크업,립 메이크업,립케어,https://image.sivillage.com/upload/C00001/goods/org/670/230801005859670.jpg?RS=450&SP=1&QT=20,LUSH,러쉬 유니콘 20g - 립 스크럽,N/A,N/A,N/A,5,1,N/A,,,N/A
뷰티,메이크업,립 메이크업,립케어,https://image.sivillage.com/upload/C00001/s3/goods/org/208/240822028690208.jpg?RS=450&SP=1&QT=20,MADPEACH,[매드피치] 물톡스 립 플럼퍼 01 클리어,N/A,N/A,N/A,N/A,N/A,N/A,,,N/A
뷰티,메이크업,립 메이크업,립케어,https://image.sivillage.com/upload/C00001/s3/goods/org/991/231204007282991.jpg?RS=450&SP=1&QT=20,GRAFEN,트리플립™ 네이키드 3.9g,N/A,N/A,N/A,N/A,N/A,N/A,,,N/A
뷰티,메이크업,립 메이크업,립케어,https://image.sivillage.com/upload/C00001/goods/org/222/230518005168222.jpg?RS=450&SP=1&QT=20,LUSH,러쉬 워터멜론 슈가 20g - 립 스크럽,N/A,N/A,N/A,5,1,N/A,,,N/A
뷰티,메이크업,립 메이크업,립케어,https://image.sivillage.com/upload/C00001/goods/org/759/230328004582759.jpg?RS=450&SP=1&QT=20,GRAFEN,맨즈 트리플립 핸섬립/컬러립 (2종 택1),N/A,N/A,N/A,N/A,N/A,N/A,,,N/A
뷰티,메이크업,립 메이크업,립케어,https://image.sivillage.com/upload/C00001/s3/goods/org/338/240821028558338.jpg?RS=450&SP=1&QT=20,d`Alba,[달바] 화이트 트러플 너리싱 세럼 립 밤,N/A,"16,200",10%,N/A,N/A,N/A,,,N/A
뷰티,메이크업,립 메이크업,립케어,https://image.sivillage.com/upload/C00001/s3/goods/org/131/240422014533131.jpg?RS=450&SP=1&QT=20,PAUL&JOE,폴앤조 비바시떼 트리트먼트 립스틱,N/A,"30,600",10%,5,3,N/A,,,N/A
뷰티,메이크업,립 메이크업,립케어,https://image.sivillage.com/upload/C00001/s3/goods/org/793/240311010563793.png?RS=450&SP=1&QT=20,TOILETPAPER BEAUTY,TPB 립밤 키스 30ml,30ml,"27,000",10%,N/A,N/A,N/A,,,N/A
뷰티,메이크업,립 메이크업,립케어,https://image.sivillage.com/upload/C00001/s3/goods/org/774/240831030011774.jpg?RS=450&SP=1&QT=20,THE ORDINARY,[디오디너리] 스쿠알란 + 아미노 애시즈 립 밤 15ml,15ml,N/A,N/A,N/A,N/A,N/A,,,N/A
뷰티,메이크업,립 메이크업,립케어,https://image.sivillage.com/upload/C00001/goods/org/578/230801005859578.jpg?RS=450&SP=1&QT=20,LUSH,러쉬 민트 줄립스 20g - 립 스크럽,N/A,N/A,N/A,N/A,N/A,N/A,,,N/A
뷰티,메이크업,립 메이크업,립케어,https://image.sivillage.com/upload/C00001/s3/goods/org/426/240405013037426.jpg?RS=450&SP=1&QT=20,ANNA SUI,안나수이 더 립 코트 립탑코트,N/A,"30,600",10%,5,1,N/A,,,N/A
뷰티,메이크업,립 메이크업,립케어,https://image.sivillage.com/upload/C00001/goods/org/318/230829006077318.jpg?RS=450&SP=1&QT=20,koy,코이 핑크캘러스 립플러머,N/A,"26,100",10%,N/A,N/A,N/A,,,세일
뷰티,메이크업,립 메이크업,립케어,https://image.sivillage.com/upload/C00001/s3/goods/org/292/231204007282292.jpg?RS=450&SP=1&QT=20,GRAFEN,트리플립™ 립센스 3.9g,N/A,"19,800",5%,N/A,N/A,N/A,,,N/A
뷰티,메이크업,립 메이크업,립케어,https://image.sivillage.com/upload/C00001/s3/goods/org/221/240828029559221.jpg?RS=450&SP=1&QT=20,MUDE,[뮤드] 뮤드 드리즐 밤,N/A,"15,300",10%,5,1,N/A,,,N/A
뷰티,메이크업,립 메이크업,립케어,https://image.sivillage.com/upload/C00001/goods/org/316/230731005850316.jpg?RS=450&SP=1&QT=20,LUSH,러쉬 논 오브 유어 비즈왁스 12g - 립밤,N/A,N/A,N/A,N/A,N/A,N/A,,,N/A
뷰티,메이크업,립 메이크업,립케어,https://image.sivillage.com/upload/C00001/s3/goods/org/496/240311010567496.png?RS=450&SP=1&QT=20,TOILETPAPER BEAUTY,TPB 립밤 드릴 30ml,30ml,"27,000",10%,N/A,N/A,N/A,,,N/A
뷰티,메이크업,립 메이크업,립케어,https://image.sivillage.com/upload/C00001/goods/org/609/230801005859609.jpg?RS=450&SP=1&QT=20,LUSH,러쉬 허니 20g - 립 스크럽,N/A,N/A,N/A,N/A,N/A,N/A,,,N/A
뷰티,메이크업,립 메이크업,립케어,https://image.sivillage.com/upload/C00001/goods/org/896/230518005168896.jpg?RS=450&SP=1&QT=20,LUSH,러쉬 키 라임 파이 12g - 립밤,N/A,N/A,N/A,N/A,N/A,N/A,,,N/A
뷰티,메이크업,립 메이크업,립케어,https://image.sivillage.com/upload/C00001/goods/org/314/230731005850314.jpg?RS=450&SP=1&QT=20,LUSH,러쉬 립 서비스 12g - 립밤,N/A,N/A,N/A,N/A,N/A,N/A,,,N/A
뷰티,메이크업,립 메이크업,립케어,https://image.sivillage.com/upload/C00001/s3/goods/org/778/240825029165778.jpg?RS=450&SP=1&QT=20,MUDE,[뮤드] 베어 샤인 립마스크,N/A,"15,300",10%,N/A,N/A,N/A,,,N/A
뷰티,메이크업,립 메이크업,립케어,https://image.sivillage.com/upload/C00001/goods/org/597/220915003120597.jpg?RS=450&SP=1&QT=20,PLEUVOIR,플르부아 모이스처 멀티밤 10g,N/A,N/A,N/A,5,6,N/A,,,N/A
뷰티,메이크업,립 메이크업,립케어,https://image.sivillage.com/upload/C00001/s3/goods/org/764/240422014533764.jpg?RS=450&SP=1&QT=20,PAUL&JOE,폴앤조 트리트먼트 립스틱,N/A,"27,000",10%,N/A,N/A,N/A,,,N/A
뷰티,메이크업,립 메이크업,립케어,https://image.sivillage.com/upload/C00001/s3/goods/org/725/240422014533725.jpg?RS=450&SP=1&QT=20,PAUL&JOE,폴앤조 펄 립스틱 (고양이 립밤),N/A,"32,400",10%,5,1,N/A,,,N/A
뷰티,메이크업,립 메이크업,립케어,https://image.sivillage.com/upload/C00001/s3/goods/org/073/240522017926073.jpg?RS=450&SP=1&QT=20,PAUL&JOE,폴앤조 마이캣 립스틱_고양이 립밤,N/A,"34,200",10%,5,4,N/A,,,N/A
뷰티,메이크업,립 메이크업,립케어,https://image.sivillage.com/upload/C00001/s3/goods/org/855/240801025859855.jpg?RS=450&SP=1&QT=20,PRIMERA,프리메라 레티놀 볼륨 립 세럼 12g,N/A,N/A,N/A,5,5,N/A,,,N/A
뷰티,메이크업,립 메이크업,립케어,https://image.sivillage.com/upload/C00001/s3/goods/org/499/240311010567499.png?RS=450&SP=1&QT=20,TOILETPAPER BEAUTY,TPB 립밤 버드 30ml,30ml,"27,000",10%,N/A,N/A,N/A,,,N/A
뷰티,메이크업,립 메이크업,립케어,https://image.sivillage.com/upload/C00001/s3/goods/org/831/231207007310831.png?RS=450&SP=1&QT=20,LA ROSEE,라로제 너리싱 스틱 립밤 4.5g (수면 영양립밤),N/A,"14,250",5%,5,6,N/A,,,N/A
뷰티,메이크업,립 메이크업,립케어,https://image.sivillage.com/upload/C00001/s3/goods/org/821/231207007310821.png?RS=450&SP=1&QT=20,LA ROSEE,라로제 틴트립밤 틴티드 너리싱 스틱 립밤 4.5g,N/A,"17,100",5%,5,12,N/A,,,N/A
뷰티,메이크업,립 메이크업,립케어,https://image.sivillage.com/upload/C00001/s3/goods/org/226/240828029563226.jpg?RS=450&SP=1&QT=20,koy,코이 블룸 글로우 립 플럼퍼 3종 택 1,N/A,"33,300",10%,5,12,N/A,,,세일
뷰티,메이크업,립 메이크업,립케어,https://image.sivillage.com/upload/C00001/s3/goods/org/332/240408013201332.png?RS=450&SP=1&QT=20,ODEAR,오데어 글로우 스틱 립밤 3.2g,N/A,"19,800",10%,5,2,N/A,,,N/A
뷰티,메이크업,립 메이크업,립케어,https://image.sivillage.com/upload/C00001/s3/goods/org/668/240222009220668.jpg?RS=450&SP=1&QT=20,HOTEL DAWSON,호텔도슨 핸드크림& 립밤 세트,N/A,"37,800",10%,5,7,N/A,,,세일
뷰티,메이크업,립 메이크업,립케어,https://image.sivillage.com/upload/C00001/s3/goods/org/095/240709024292095.jpg?RS=450&SP=1&QT=20,QUA-T,[콰티] 루미네어 틴티드 컬러립밤,N/A,N/A,N/A,5,2,N/A,,,N/A
뷰티,메이크업,립 메이크업,립케어,https://image.sivillage.com/upload/C00001/s3/goods/org/699/240403012867699.jpg?RS=450&SP=1,TOPOLOGY,[토폴로지] 0.0 립밥 3.9g,N/A,N/A,N/A,N/A,N/A,N/A,,,N/A
뷰티,메이크업,립 메이크업,립케어,https://image.sivillage.com/upload/C00001/s3/goods/org/291/240729025646291.jpg?RS=450&SP=1,HEART PERCENT,[하트퍼센트] 콤마스 온 라이프 에센셜 (슬리핑 립 에센스),N/A,"14,400",10%,3,1,N/A,,,N/A
뷰티,메이크업,립 메이크업,립케어,https://image.sivillage.com/upload/C00001/s3/goods/org/331/240825029086331.jpg?RS=450&SP=1,MUDE,[뮤드] 베어 샤인 립밤,N/A,"13,500",10%,4.6,3,N/A,,,N/A
뷰티,메이크업,립 메이크업,립케어,https://image.sivillage.com/upload/C00001/s3/goods/org/518/240826029173518.jpg?RS=450&SP=1,UNLEASHIA,[언리시아] 레드 페퍼 페이스트 립밤,N/A,N/A,N/A,N/A,N/A,N/A,,,N/A
뷰티,메이크업,립 메이크업,립케어,https://image.sivillage.com/upload/C00001/s3/goods/org/451/240827029430451.jpg?RS=450&SP=1,NAMING,[네이밍] 듀이 립 밤 3..2g (택1),N/A,N/A,N/A,5,1,N/A,,,N/A
뷰티,메이크업,립 메이크업,립케어,https://image.sivillage.com/upload/C00001/s3/goods/org/816/240901030131816.jpg?RS=450&SP=1,FEMMUE,[파뮤] 파뮤 립 슬리핑 마스크 15g,N/A,N/A,N/A,N/A,N/A,N/A,,,N/A
뷰티,메이크업,립 메이크업,립케어,https://image.sivillage.com/upload/C00001/goods/org/647/230801005859647.jpg?RS=450&SP=1&QT=20,LUSH,러쉬 체리 20g - 립 스크럽,N/A,N/A,N/A,N/A,N/A,N/A,,,N/A
뷰티,메이크업,립 메이크업,립케어,https://image.sivillage.com/upload/C00001/goods/org/520/230801005859520.jpg?RS=450&SP=1&QT=20,LUSH,러쉬 로즈 롤리팝 12g - 립밤,N/A,N/A,N/A,5,1,N/A,,,N/A
뷰티,메이크업,립 메이크업,립케어,https://image.sivillage.com/upload/C00001/goods/org/309/230731005850309.jpg?RS=450&SP=1&QT=20,LUSH,러쉬 허니 트랩 12g - 립밤,N/A,N/A,N/A,5,2,N/A,,,N/A
뷰티,메이크업,립 메이크업,립케어,https://image.sivillage.com/upload/C00001/goods/org/314/230518005168314.jpg?RS=450&SP=1&QT=20,LUSH,러쉬 버블검 20g - 립 스크럽,N/A,N/A,N/A,5,3,N/A,,,N/A
뷰티,메이크업,립 메이크업,립케어,https://image.sivillage.com/upload/C00001/goods/org/991/230816005987991.jpg?RS=450&SP=1&QT=20,LUSH,러쉬 스위티스트 띵 - 기프트,N/A,N/A,N/A,N/A,N/A,N/A,,,N/A
뷰티,메이크업,립 메이크업,립케어,https://image.sivillage.com/upload/C00001/s3/goods/org/620/240221009150620.jpg?RS=450&SP=1&QT=20,HOTEL DAWSON,호텔도슨 블렌딩 립밤 4종,N/A,"14,400",10%,4.9,30,N/A,,,세일
뷰티,메이크업,립 메이크업,립케어,https://image.sivillage.com/upload/C00001/s3/goods/org/714/240831030113714.jpg?RS=450&SP=1&QT=20,MAKE UP FOR EVER,[메이크업포에버] 아티스트 하이드라블룸,N/A,"29,750",15%,N/A,N/A,N/A,,,N/A
뷰티,메이크업,립 메이크업,립케어,https://image.sivillage.com/upload/C00001/goods/org/671/230913006377671.jpg?RS=450&SP=1&QT=20,LANEIGE,라네즈 립트리트먼트밤 10g,N/A,"20,000",20%,5,1,N/A,,,세일
뷰티,메이크업,립 메이크업,립케어,https://image.sivillage.com/upload/C00001/s3/goods/org/389/240901030133389.jpg?RS=450&SP=1&QT=20,JUNG SAEM MOOL,[정샘물] 23` 정샘물 립프레션 글로우 립밤,N/A,"20,700",10%,5,2,N/A,,,N/A
뷰티,메이크업,립 메이크업,립케어,https://image.sivillage.com/upload/C00001/s3/goods/org/953/240830029936953.jpg?RS=450&SP=1&QT=20,DEARDAHLIA,[디어달리아] 블루밍 에디션 립 파라다이스 컬러 밤,N/A,"20,800",20%,5,1,N/A,,,N/A
뷰티,메이크업,립 메이크업,립케어,https://image.sivillage.com/upload/C00001/s3/goods/org/700/240826029279700.jpg?RS=450&SP=1&QT=20,DINTO,[딘토] 리페어링 립 에센스 마스크,N/A,"16,000",20%,N/A,N/A,N/A,,,N/A
뷰티,메이크업,립 메이크업,립케어,https://image.sivillage.com/upload/C00001/s3/goods/org/215/240718024834215.png?RS=450&SP=1&QT=20,belif,[빌리프]슈퍼나이츠 - 멀티 비타민 립세린 듀오 기획 썸머 에디션,N/A,"36,000",20%,N/A,N/A,N/A,,,세일
뷰티,메이크업,립 메이크업,립케어,https://image.sivillage.com/upload/C00001/s3/goods/org/986/240808026598986.jpg?RS=450&SP=1&QT=20,FEEV,[피브] 틴티드 립밤 4.5g,N/A,"13,600",15%,5,1,N/A,,,N/A
뷰티,메이크업,립 메이크업,립케어,https://image.sivillage.com/upload/C00001/s3/goods/org/128/240808026612128.jpg?RS=450&SP=1&QT=20,FEEV,[피브] 컬러 립밤 12g,N/A,"11,050",15%,N/A,N/A,N/A,,,N/A
뷰티,메이크업,립 메이크업,립케어,https://image.sivillage.com/upload/C00001/s3/goods/org/422/240729025615422.jpg?RS=450&SP=1&QT=20,SUM37,[숨37˚] 스킨스테이 모이스처 립세린 15ml 기획세트,15ml,"24,000",20%,N/A,N/A,N/A,,,세일
뷰티,메이크업,립 메이크업,립케어,https://image.sivillage.com/upload/C00001/s3/goods/org/154/240627022898154.jpg?RS=450&SP=1&QT=20,SIMIHAZE BEAUTY,시미헤이즈 뷰티 매트 슬릭 인비저블 립 밤,N/A,"26,350",15%,N/A,N/A,N/A,,,N/A
뷰티,메이크업,립 메이크업,립케어,https://image.sivillage.com/upload/C00001/s3/goods/org/038/240805026209038.jpg?RS=450&SP=1&QT=20,HANYUL,한율 자연을 닮은 립밤 3.2g,N/A,"12,000",20%,N/A,N/A,N/A,,,세일
뷰티,메이크업,립 메이크업,립케어,https://image.sivillage.com/upload/C00001/s3/goods/org/686/240730025689686.jpg?RS=450&SP=1&QT=20,LANEIGE,라네즈 립 슬리핑 마스크 EX 20g,N/A,"17,600",20%,5,3,N/A,,,세일
뷰티,메이크업,립 메이크업,립케어,https://image.sivillage.com/upload/C00001/s3/goods/org/451/240830029935451.jpg?RS=450&SP=1&QT=20,BENEFIT,[베네피트] 캘리포니아 키싱 컬러밤,N/A,"28,050",15%,5,8,N/A,,,N/A
뷰티,메이크업,립 메이크업,립케어,https://image.sivillage.com/upload/C00001/s3/goods/org/832/240824028947832.jpg?RS=450&SP=1&QT=20,DEARDAHLIA,[디어달리아] 블루밍 에디션 파라다이스 틴티드 블루밍 밤 - 판타지,N/A,"22,400",20%,N/A,N/A,N/A,,,N/A
뷰티,메이크업,립 메이크업,립케어,https://image.sivillage.com/upload/C00001/s3/goods/org/184/240901030132184.jpg?RS=450&SP=1&QT=20,XOUL,[XOUL] 소울 에버 모이스트 립밤,N/A,N/A,N/A,N/A,N/A,N/A,,,N/A
뷰티,메이크업,립 메이크업,립케어,https://image.sivillage.com/upload/C00001/s3/goods/org/381/240728025564381.jpg?RS=450&SP=1&QT=20,DINTO,[딘토] 브론테 멜팅 글로우 립밤 10종,N/A,"14,000",30%,5,1,N/A,,,N/A
