top_category_name,middle_category_name,bottom_category_name,image_src,brand,name,volume,price,discount_rate,rating,review_count,delivery_info,color_image_src,color_name,bedge
뷰티,향수,오 드 퍼퓸,https://image.sivillage.com/upload/C00001/goods/org/956/231108006980956.jpg?RS=450&SP=1,DIPTYQUE,오 드 퍼퓸 플레르 드 뽀 75ml,75ml,"265,050",5%,4.9,4345,N/A,,,N/A
뷰티,향수,오 드 퍼퓸,https://image.sivillage.com/upload/C00001/goods/org/551/231108006981551.jpg?RS=450&SP=1,DIPTYQUE,오 드 퍼퓸 오르페옹 75ml,75ml,"265,050",5%,4.9,2316,N/A,,,N/A
뷰티,향수,오 드 퍼퓸,https://image.sivillage.com/upload/C00001/goods/org/505/231108006981505.jpg?RS=450&SP=1,DIPTYQUE,오 드 퍼퓸 도손 75ml,75ml,"265,050",5%,4.9,1129,N/A,,,N/A
뷰티,향수,오 드 퍼퓸,https://image.sivillage.com/upload/C00001/s3/goods/org/838/240819028284838.jpg?RS=450&SP=1,BYREDO,모하비 고스트 오 드 퍼퓸 100ml,100ml,"370,500",5%,4.9,1538,N/A,"https://image.sivillage.com/upload/C00001/goods/color/color_150010_220620131152.jpg,https://image.sivillage.com/upload/C00001/goods/color/color_150009_220620131152.jpg","100ml,50ml",N/A
뷰티,향수,오 드 퍼퓸,https://image.sivillage.com/upload/C00001/s3/goods/org/892/240819028284892.jpg?RS=450&SP=1&QT=20,BYREDO,블랑쉬 오 드 퍼퓸 50ml,50ml,"266,000",5%,4.9,1872,N/A,"https://image.sivillage.com/upload/C00001/goods/color/color_150009_220620131152.jpg,https://image.sivillage.com/upload/C00001/goods/color/color_150010_220620131152.jpg","50ml,100ml",N/A
뷰티,향수,오 드 퍼퓸,https://image.sivillage.com/upload/C00001/goods/org/423/231108006981423.jpg?RS=450&SP=1&QT=20,DIPTYQUE,오 드 퍼퓸 필로시코스 75ml,75ml,"265,050",5%,4.9,292,N/A,,,N/A
뷰티,향수,오 드 퍼퓸,https://image.sivillage.com/upload/C00001/s3/goods/org/506/240422014505506.jpg?RS=450&SP=1&QT=20,HERMÈS,투티 트윌리 데르메스 오 드 퍼퓸 85mL 2024 세트,85mL,N/A,N/A,5,1,N/A,,,N/A
뷰티,향수,오 드 퍼퓸,https://image.sivillage.com/upload/C00001/goods/org/501/231108006981501.jpg?RS=450&SP=1&QT=20,DIPTYQUE,오 드 퍼퓸 탐 다오 75ml,75ml,"265,050",5%,4.9,318,N/A,,,N/A
뷰티,향수,오 드 퍼퓸,https://image.sivillage.com/upload/C00001/s3/goods/org/964/240819028284964.jpg?RS=450&SP=1&QT=20,BYREDO,집시 워터 오 드 퍼퓸 100ml,100ml,"370,500",5%,4.9,593,N/A,,,N/A
뷰티,향수,오 드 퍼퓸,https://image.sivillage.com/upload/C00001/s3/goods/org/893/240820028362893.jpg?RS=450&SP=1&QT=20,BYREDO,집시 워터 오 드 퍼퓸 50ml,50ml,"266,000",5%,4.9,822,N/A,,,N/A
뷰티,향수,오 드 퍼퓸,https://image.sivillage.com/upload/C00001/s3/goods/org/431/240403012843431.jpg?RS=450&SP=1&QT=20,DIPTYQUE,오 드 퍼퓸 롬브르 단 로 75ml,75ml,"265,050",5%,4.9,2146,N/A,,,N/A
뷰티,향수,오 드 퍼퓸,https://image.sivillage.com/upload/C00001/goods/org/970/230907006215970.jpg?RS=450&SP=1&QT=20,BYREDO,인플로레센스 오 드 퍼퓸 100ml,100ml,"370,500",5%,4.9,258,N/A,,,N/A
뷰티,향수,오 드 퍼퓸,https://image.sivillage.com/upload/C00001/goods/org/094/230207004067094.jpg?RS=450&SP=1&QT=20,BYREDO,익스트레잇 드 퍼퓸 카사블랑카 릴리 50ml,50ml,"465,500",5%,4.9,50,N/A,,,N/A
뷰티,향수,오 드 퍼퓸,https://image.sivillage.com/upload/C00001/goods/org/051/220517002512051.jpg?RS=450&SP=1&QT=20,BYREDO,로즈오브노맨즈랜드 오 드 퍼퓸 50ml,50ml,"266,000",5%,4.9,768,N/A,,,N/A
뷰티,향수,오 드 퍼퓸,https://image.sivillage.com/upload/C00001/s3/goods/org/889/240820028362889.jpg?RS=450&SP=1&QT=20,BYREDO,라 튤립 오 드 퍼퓸 50ml,50ml,"266,000",5%,4.9,1790,N/A,,,N/A
뷰티,향수,오 드 퍼퓸,https://image.sivillage.com/upload/C00001/goods/org/217/231108006981217.jpg?RS=450&SP=1&QT=20,DIPTYQUE,오 드 퍼퓸 베티베리오 75ml,75ml,"265,050",5%,5,36,N/A,,,N/A
뷰티,향수,오 드 퍼퓸,https://image.sivillage.com/upload/C00001/goods/org/960/231108006980960.jpg?RS=450&SP=1&QT=20,DIPTYQUE,오 드 퍼퓸 오 로즈 75ml,75ml,"265,050",5%,4.9,932,N/A,,,N/A
뷰티,향수,오 드 퍼퓸,https://image.sivillage.com/upload/C00001/s3/goods/org/441/240325011944441.jpg?RS=450&SP=1&QT=20,DIPTYQUE,오 드 퍼퓸 오 드 민떼 75ml,75ml,"265,050",5%,4.8,230,N/A,,,N/A
뷰티,향수,오 드 퍼퓸,https://image.sivillage.com/upload/C00001/goods/org/980/230207004066980.jpg?RS=450&SP=1&QT=20,BYREDO,익스트레잇 드 퍼퓸 셀리에 50ml,50ml,"465,500",5%,5,14,N/A,,,N/A
뷰티,향수,오 드 퍼퓸,https://image.sivillage.com/upload/C00001/goods/org/845/210503001211845.jpg?RS=450&SP=1&QT=20,BYREDO,슈퍼 시더 오 드 퍼퓸 100ml,100ml,"370,500",5%,4.9,167,N/A,,,N/A
뷰티,향수,오 드 퍼퓸,https://image.sivillage.com/upload/C00001/goods/org/663/220609002625663.jpg?RS=450&SP=1&QT=20,BYREDO,미스터 마블러스 오 드 퍼퓸 100ml,100ml,"370,500",5%,4.8,70,N/A,,,N/A
뷰티,향수,오 드 퍼퓸,https://image.sivillage.com/upload/C00001/goods/org/849/210503001211849.jpg?RS=450&SP=1&QT=20,BYREDO,펄프 오 드 퍼퓸 100ml,100ml,"370,500",5%,4.8,263,N/A,"https://image.sivillage.com/upload/C00001/goods/color/color_150010_220620131152.jpg,https://image.sivillage.com/upload/C00001/goods/color/color_150009_220620131152.jpg","100ml,50ml",N/A
뷰티,향수,오 드 퍼퓸,https://image.sivillage.com/upload/C00001/s3/goods/org/882/240819028284882.jpg?RS=450&SP=1&QT=20,BYREDO,발 다프리크 오 드 퍼퓸 100ml,100ml,"370,500",5%,4.9,1158,N/A,"https://image.sivillage.com/upload/C00001/goods/color/color_150010_220620131152.jpg,https://image.sivillage.com/upload/C00001/goods/color/color_150009_220620131152.jpg","100ml,50ml",N/A
뷰티,향수,오 드 퍼퓸,https://image.sivillage.com/upload/C00001/s3/goods/org/888/240819028284888.jpg?RS=450&SP=1&QT=20,BYREDO,라 튤립 오 드 퍼퓸 100ml,100ml,"370,500",5%,4.9,1289,N/A,,,N/A
뷰티,향수,오 드 퍼퓸,https://image.sivillage.com/upload/C00001/s3/goods/org/584/231204007276584.png?RS=450&SP=1&QT=20,Santa Maria Novella,비자리아 오드퍼퓸 100ml,100ml,N/A,N/A,4.9,91,N/A,"https://image.sivillage.com/upload/C00001/goods/color/color_010034_221214152054.jpg,https://image.sivillage.com/upload/C00001/goods/color/color_010033_221214152031.jpg","EDP 100ml,EDP 50ml",N/A
뷰티,향수,오 드 퍼퓸,https://image.sivillage.com/upload/C00001/goods/org/740/210310001112740.jpg?RS=450&SP=1&QT=20,EX NIHILO,콜론 352 오 드 퍼퓸 50ml,50ml,"285,000",5%,4.8,79,N/A,,,N/A
뷰티,향수,오 드 퍼퓸,https://image.sivillage.com/upload/C00001/goods/org/822/210309001111822.jpg?RS=450&SP=1&QT=20,EX NIHILO,플뢰르 나르코티끄 오 드 퍼퓸 50ml,50ml,"285,000",5%,4.7,99,N/A,,,N/A
뷰티,향수,오 드 퍼퓸,https://image.sivillage.com/upload/C00001/goods/org/538/220905003067538.jpg?RS=450&SP=1&QT=20,EX NIHILO,상탈 콜링 오 드 퍼퓸 50ml,50ml,"270,000",10%,4.9,102,N/A,,,N/A
뷰티,향수,오 드 퍼퓸,https://image.sivillage.com/upload/C00001/goods/org/549/230921006442549.jpg?RS=450&SP=1&QT=20,BYREDO,아니말리크 오 드 퍼퓸 50ml,50ml,"266,000",5%,4.9,71,N/A,,,N/A
뷰티,향수,오 드 퍼퓸,https://image.sivillage.com/upload/C00001/goods/org/992/231108006980992.jpg?RS=450&SP=1&QT=20,DIPTYQUE,오 드 퍼퓸 오 카피탈 75ml,75ml,"265,050",5%,4.9,50,N/A,,,N/A
뷰티,향수,오 드 퍼퓸,https://image.sivillage.com/upload/C00001/goods/org/476/231108006981476.jpg?RS=450&SP=1&QT=20,DIPTYQUE,오 드 퍼퓸 뗌 포 75ml,75ml,"265,050",5%,4.8,358,N/A,,,N/A
뷰티,향수,오 드 퍼퓸,https://image.sivillage.com/upload/C00001/s3/goods/org/305/240823028888305.png?RS=450&SP=1&QT=20,MEMO,[선물포장] 메모 100ml 오 드 퍼퓸 + 리본&포장,100ml,N/A,N/A,N/A,N/A,N/A,,,세트
뷰티,향수,오 드 퍼퓸,https://image.sivillage.com/upload/C00001/s3/goods/org/346/240823028887346.png?RS=450&SP=1&QT=20,MEMO,[선물포장] 메모 75ml 오 드 퍼퓸 + 리본&포장,75ml,N/A,N/A,N/A,N/A,N/A,,,세트
뷰티,향수,오 드 퍼퓸,https://image.sivillage.com/upload/C00001/s3/goods/org/184/240731025772184.jpg?RS=450&SP=1&QT=20,LOEWE PERFUMES,로에베 001 맨 오 드 퍼퓸 100ML,100ML,"246,050",5%,5,1,N/A,,,N/A
뷰티,향수,오 드 퍼퓸,https://image.sivillage.com/upload/C00001/goods/org/499/210107001015499.jpg?RS=450&SP=1&QT=20,DS&DURGA,디베이저 오 드 퍼퓸 50ml,50ml,"217,550",5%,4.9,127,N/A,"https://image.sivillage.com/upload/C00001/goods/color/color_010033_221214152031.jpg,https://image.sivillage.com/upload/C00001/goods/color/color_010034_221214152054.jpg","EDP 50ml,EDP 100ml",N/A
뷰티,향수,오 드 퍼퓸,https://image.sivillage.com/upload/C00001/goods/org/981/230907006319981.jpg?RS=450&SP=1&QT=20,DS&DURGA,버닝 바버샵 오 드 퍼퓸 50ml,50ml,"217,550",5%,5,5,N/A,,,N/A
뷰티,향수,오 드 퍼퓸,https://image.sivillage.com/upload/C00001/s3/goods/org/552/240821028558552.jpg?RS=450&SP=1&QT=20,EX NIHILO,[선물포장] 디스커버리 키트 & 트래블 케이스 세트,N/A,N/A,N/A,5,1,N/A,,,세트
뷰티,향수,오 드 퍼퓸,https://image.sivillage.com/upload/C00001/goods/org/921/210524001240921.jpg?RS=450&SP=1&QT=20,BYREDO,셀렉션 노마드 (Bal/ Bla/ Gyp),N/A,"199,500",5%,4.9,728,N/A,,,N/A
뷰티,향수,오 드 퍼퓸,https://image.sivillage.com/upload/C00001/goods/org/201/210503001212201.jpg?RS=450&SP=1&QT=20,BYREDO,셀렉션 플로랄 (Bla/ Tul/ RON),N/A,"199,500",5%,4.8,767,N/A,,,N/A
뷰티,향수,오 드 퍼퓸,https://image.sivillage.com/upload/C00001/goods/org/713/211021001567713.jpg?RS=450&SP=1&QT=20,LA PERVA,[오리베] 코트 다쥐르 오 드 퍼퓸 75ml,75ml,"179,100",10%,4.9,42,N/A,,,N/A
뷰티,향수,오 드 퍼퓸,https://image.sivillage.com/upload/C00001/goods/org/975/230825006060975.jpg?RS=450&SP=1&QT=20,HERMÈS,투티 트윌리 데르메스 오드퍼퓸 85ml,85ml,N/A,N/A,5,2,N/A,,,N/A
뷰티,향수,오 드 퍼퓸,https://image.sivillage.com/upload/C00001/s3/goods/org/224/240306009838224.jpg?RS=450&SP=1&QT=20,HERMÈS,H24 에르브 비브 오드퍼퓸 200ml (리필용),200ml,N/A,N/A,N/A,N/A,N/A,,,N/A
뷰티,향수,오 드 퍼퓸,https://image.sivillage.com/upload/C00001/goods/org/418/230907006205418.jpg?RS=450&SP=1&QT=20,HERMÈS,떼르 데르메스 퓨어퍼퓸 75ml,75ml,N/A,N/A,4.8,6,N/A,,,N/A
뷰티,향수,오 드 퍼퓸,https://image.sivillage.com/upload/C00001/s3/goods/org/831/240416013903831.jpg?RS=450&SP=1&QT=20,HERMÈS,H24 오 드 퍼퓸 200ml (리필용),200ml,N/A,N/A,N/A,N/A,N/A,,,N/A
뷰티,향수,오 드 퍼퓸,https://image.sivillage.com/upload/C00001/s3/goods/org/362/240710024312362.jpg?RS=450&SP=1&QT=20,BYREDO,모하비 고스트 오 드 퍼퓸 (워터베이스),N/A,"370,500",5%,4.9,15,N/A,,,N/A
뷰티,향수,오 드 퍼퓸,https://image.sivillage.com/upload/C00001/goods/org/661/210427001204661.jpg?RS=450&SP=1&QT=20,BYREDO,슈퍼 시더 오 드 퍼퓸 50ml,50ml,"266,000",5%,4.9,253,N/A,,,N/A
뷰티,향수,오 드 퍼퓸,https://image.sivillage.com/upload/C00001/goods/org/683/230907006241683.jpg?RS=450&SP=1&QT=20,BYREDO,인플로레센스 오 드 퍼퓸 50ml,50ml,"266,000",5%,4.9,625,N/A,,,N/A
뷰티,향수,오 드 퍼퓸,https://image.sivillage.com/upload/C00001/goods/org/510/221107003456510.jpg?RS=450&SP=1&QT=20,BYREDO,아이즈 클로즈드 오 드 퍼퓸 50ml,50ml,"266,000",5%,4.7,9,N/A,,,N/A
뷰티,향수,오 드 퍼퓸,https://image.sivillage.com/upload/C00001/goods/org/217/230207004067217.jpg?RS=450&SP=1&QT=20,BYREDO,익스트레잇 드 퍼퓸 렌드뉘 50ml,50ml,"465,500",5%,5,21,N/A,,,N/A
뷰티,향수,오 드 퍼퓸,https://image.sivillage.com/upload/C00001/goods/org/427/210503001211427.jpg?RS=450&SP=1&QT=20,BYREDO,슬로우 댄스 오 드 퍼퓸 100ml,100ml,"370,500",5%,4.9,30,N/A,,,N/A
뷰티,향수,오 드 퍼퓸,https://image.sivillage.com/upload/C00001/goods/org/904/221013003304904.jpg?RS=450&SP=1&QT=20,BYREDO,벨벳 헤이즈 오 드 퍼퓸 50ml,50ml,"266,000",5%,4.8,36,N/A,,,N/A
뷰티,향수,오 드 퍼퓸,https://image.sivillage.com/upload/C00001/goods/org/693/221013003305693.jpg?RS=450&SP=1&QT=20,BYREDO,벨벳 헤이즈 오 드 퍼퓸 100ml,100ml,"370,500",5%,4.9,34,N/A,,,N/A
뷰티,향수,오 드 퍼퓸,https://image.sivillage.com/upload/C00001/s3/goods/org/269/240401012646269.jpg?RS=450&SP=1&QT=20,BYREDO,1996 이네즈 & 비누드 오 드 퍼퓸 50ml,50ml,"266,000",5%,5,10,N/A,,,N/A
뷰티,향수,오 드 퍼퓸,https://image.sivillage.com/upload/C00001/s3/goods/org/244/240418014122244.jpg?RS=450&SP=1&QT=20,BYREDO,1996 이네즈 & 비누드 오드퍼퓸 100ml,100ml,"370,500",5%,4.5,6,N/A,,,N/A
뷰티,향수,오 드 퍼퓸,https://image.sivillage.com/upload/C00001/goods/org/212/230907006265212.jpg?RS=450&SP=1&QT=20,BYREDO,영 로즈 오 드 퍼퓸 50ml,50ml,"266,000",5%,4.9,586,N/A,,,N/A
뷰티,향수,오 드 퍼퓸,https://image.sivillage.com/upload/C00001/goods/org/067/230607005373067.jpg?RS=450&SP=1&QT=20,BYREDO,선데이 코롱 오 드 퍼퓸 100ml,100ml,"370,500",5%,4.8,28,N/A,,,N/A
뷰티,향수,오 드 퍼퓸,https://image.sivillage.com/upload/C00001/goods/org/444/221005003256444.jpg?RS=450&SP=1,HERMÈS,트윌리 데르메스 오 프와브레 오드퍼퓸 85ml,85ml,N/A,N/A,5,15,N/A,,,N/A
뷰티,향수,오 드 퍼퓸,https://image.sivillage.com/upload/C00001/goods/org/702/230907006290702.jpg?RS=450&SP=1,HERMÈS,트윌리 데르메스 오 드 퍼퓸 85ml,85ml,N/A,N/A,5,9,N/A,,,N/A
뷰티,향수,오 드 퍼퓸,https://image.sivillage.com/upload/C00001/goods/org/180/220726002860180.jpg?RS=450&SP=1,EX NIHILO,플뢰르 나르코티끄 오 드 퍼퓸 100ml,100ml,"408,500",5%,5,27,N/A,,,N/A
뷰티,향수,오 드 퍼퓸,https://image.sivillage.com/upload/C00001/s3/goods/org/719/240731025772719.jpg?RS=450&SP=1,LOEWE PERFUMES,로에베 아구아 드롭 오 드 퍼퓸 100ML,100ML,"367,650",5%,N/A,N/A,N/A,,,N/A
뷰티,향수,오 드 퍼퓸,https://image.sivillage.com/upload/C00001/goods/org/481/230530005315481.jpg?RS=450&SP=1,LA PERVA,[힐리] 노트 드 유주 오 드 퍼퓸 100ml,100ml,"233,100",10%,5,11,N/A,,,N/A
뷰티,향수,오 드 퍼퓸,https://image.sivillage.com/upload/C00001/goods/org/012/210310001113012.jpg?RS=450&SP=1,EX NIHILO,엠버 스카이 오 드 퍼퓸 100ml,100ml,"560,500",5%,4.7,4,N/A,,,N/A
뷰티,향수,오 드 퍼퓸,https://image.sivillage.com/upload/C00001/goods/org/235/220511002483235.jpg?RS=450&SP=1&QT=20,EX NIHILO,오우드 방돔 오 드 퍼퓸 50ml,50ml,"285,000",5%,5,3,N/A,,,N/A
뷰티,향수,오 드 퍼퓸,https://image.sivillage.com/upload/C00001/goods/org/189/230509004998189.jpg?RS=450&SP=1&QT=20,DS&DURGA,스팀드 레인보우 오 드 퍼퓸 50ml,50ml,"217,550",5%,5,12,N/A,,,N/A
뷰티,향수,오 드 퍼퓸,https://image.sivillage.com/upload/C00001/s3/goods/org/896/240722025067896.jpg?RS=450&SP=1&QT=20,LA PERVA,[꾸레쥬] 하이퍼 오우드 오 드 퍼퓸 100ml,100ml,"323,100",10%,5,1,N/A,,,N/A
뷰티,향수,오 드 퍼퓸,https://image.sivillage.com/upload/C00001/s3/goods/org/890/240722025067890.jpg?RS=450&SP=1&QT=20,LA PERVA,[꾸레쥬] 하이퍼 퀴르 오 드 퍼퓸 100ml,100ml,"323,100",10%,N/A,N/A,N/A,,,N/A
뷰티,향수,오 드 퍼퓸,https://image.sivillage.com/upload/C00001/goods/org/278/210503001211278.jpg?RS=450&SP=1&QT=20,DS&DURGA,카우보이 그라스 오 드 퍼퓸 50ml,50ml,"217,550",5%,5,6,N/A,,,N/A
뷰티,향수,오 드 퍼퓸,https://image.sivillage.com/upload/C00001/goods/org/139/231124007148139.png?RS=450&SP=1&QT=20,MEMO,오드메모 오 드 퍼퓸 100ml,100ml,"342,000",5%,4.9,35,N/A,,,N/A
뷰티,향수,오 드 퍼퓸,https://image.sivillage.com/upload/C00001/s3/goods/org/408/240312010682408.jpg?RS=450&SP=1&QT=20,LA PERVA,[오탑] 아이 헤이트 오 드 퍼퓸 100ml,100ml,N/A,N/A,N/A,N/A,N/A,,,N/A
뷰티,향수,오 드 퍼퓸,https://image.sivillage.com/upload/C00001/goods/org/754/230530005315754.jpg?RS=450&SP=1&QT=20,LA PERVA,[힐리] 셀 마린 오 드 퍼퓸 100ml,100ml,"233,100",10%,5,10,N/A,,,N/A
뷰티,향수,오 드 퍼퓸,https://image.sivillage.com/upload/C00001/goods/org/059/231124007148059.png?RS=450&SP=1&QT=20,MEMO,시칠리안 레더 오 드 퍼퓸 75ml,75ml,"342,000",5%,5,6,N/A,,,N/A
뷰티,향수,오 드 퍼퓸,https://image.sivillage.com/upload/C00001/goods/org/795/210309001111795.jpg?RS=450&SP=1&QT=20,EX NIHILO,미드나잇 스페셜 오 드 퍼퓸 50ml,50ml,"389,500",5%,5,9,N/A,,,N/A
뷰티,향수,오 드 퍼퓸,https://image.sivillage.com/upload/C00001/goods/org/214/220726002860214.jpg?RS=450&SP=1&QT=20,EX NIHILO,데빌 텐더 오 드 퍼퓸 100ml,100ml,"408,500",5%,5,3,N/A,,,N/A
뷰티,향수,오 드 퍼퓸,https://image.sivillage.com/upload/C00001/goods/org/887/220419002336887.jpg?RS=450&SP=1&QT=20,LA PERVA,[몽클레르] 뿌르 옴므 오드퍼퓸 150ml,150ml,N/A,N/A,5,3,N/A,,,N/A
뷰티,향수,오 드 퍼퓸,https://image.sivillage.com/upload/C00001/goods/org/702/221116003506702.jpg?RS=450&SP=1&QT=20,EX NIHILO,플뢰르 나르코티끄 익스트레잇 드 퍼퓸 100ml,100ml,"513,000",5%,4.8,7,N/A,,,N/A
뷰티,향수,오 드 퍼퓸,https://image.sivillage.com/upload/C00001/goods/org/352/220408002272352.jpg?RS=450&SP=1&QT=20,EX NIHILO,인 파라다이스 리비에라 리미티드 에디션,N/A,"408,500",5%,5,13,N/A,,,N/A
뷰티,향수,오 드 퍼퓸,https://image.sivillage.com/upload/C00001/goods/org/372/210716001322372.png?RS=450&SP=1&QT=20,EX NIHILO,스위트 모르핀 오 드 퍼퓸 50ml,50ml,"285,000",5%,4.8,16,N/A,,,N/A
뷰티,향수,오 드 퍼퓸,https://image.sivillage.com/upload/C00001/goods/org/202/220726002860202.jpg?RS=450&SP=1&QT=20,EX NIHILO,러스트 인 파라다이스 오 드 퍼퓸 100ml,100ml,"408,500",5%,4.9,48,N/A,,,N/A
뷰티,향수,오 드 퍼퓸,https://image.sivillage.com/upload/C00001/goods/org/228/220715002807228.jpg?RS=450&SP=1&QT=20,EX NIHILO,베네넘 키스 오 드 퍼퓸 50ml,50ml,"285,000",5%,5,3,N/A,,,N/A
뷰티,향수,오 드 퍼퓸,https://image.sivillage.com/upload/C00001/goods/org/301/231124007148301.png?RS=450&SP=1&QT=20,MEMO,이베리안 레더 오 드 퍼퓸 75ml,75ml,"342,000",5%,4.7,16,N/A,,,N/A
뷰티,향수,오 드 퍼퓸,https://image.sivillage.com/upload/C00001/goods/org/030/231124007148030.png?RS=450&SP=1&QT=20,MEMO,샴스오드 오 드 퍼퓸 75ml,75ml,"342,000",5%,5,1,N/A,,,N/A
뷰티,향수,오 드 퍼퓸,https://image.sivillage.com/upload/C00001/goods/org/990/220707002763990.jpg?RS=450&SP=1&QT=20,DS&DURGA,노토리어스 오드 오 드 퍼퓸 50ml,50ml,"217,550",5%,5,2,N/A,,,N/A
뷰티,향수,오 드 퍼퓸,https://image.sivillage.com/upload/C00001/goods/org/205/220726002860205.jpg?RS=450&SP=1&QT=20,EX NIHILO,바이퍼 그린 오 드 퍼퓸 100ml,100ml,"408,500",5%,4.8,35,N/A,,,N/A
뷰티,향수,오 드 퍼퓸,https://image.sivillage.com/upload/C00001/s3/goods/org/645/240731025772645.jpg?RS=450&SP=1&QT=20,LOEWE PERFUMES,운 파세오 포 마드리드 로사레다 오 드 퍼퓸 100ML,100ML,"407,550",5%,N/A,N/A,N/A,,,N/A
뷰티,향수,오 드 퍼퓸,https://image.sivillage.com/upload/C00001/s3/goods/org/607/240731025771607.jpg?RS=450&SP=1&QT=20,LOEWE PERFUMES,로에베 솔로 메르쿠리오 오 드 퍼퓸 뿌르 옴므 100ML,100ML,"218,500",5%,N/A,N/A,N/A,,,N/A
뷰티,향수,오 드 퍼퓸,https://image.sivillage.com/upload/C00001/s3/goods/org/999/240312010680999.jpg?RS=450&SP=1&QT=20,LA PERVA,[오탑] 플뢰르 도 오 드 퍼퓸 100ml,100ml,N/A,N/A,N/A,N/A,N/A,,,N/A
뷰티,향수,오 드 퍼퓸,https://image.sivillage.com/upload/C00001/s3/goods/org/431/240711024429431.jpg?RS=450&SP=1&QT=20,BRUNELLO CUCINELLI,[브루넬로 쿠치넬리] 뿌르 팜므 오 드 퍼퓸 100ml,100ml,"266,000",5%,N/A,N/A,N/A,,,N/A
뷰티,향수,오 드 퍼퓸,https://image.sivillage.com/upload/C00001/goods/org/192/220726002860192.jpg?RS=450&SP=1&QT=20,EX NIHILO,머스크 인피니 오 드 퍼퓸 100ml,100ml,"408,500",5%,5,3,N/A,,,N/A
뷰티,향수,오 드 퍼퓸,https://image.sivillage.com/upload/C00001/goods/org/536/220905003067536.jpg?RS=450&SP=1&QT=20,EX NIHILO,상탈 콜링 오 드 퍼퓸 100ml,100ml,"387,000",10%,4.9,25,N/A,,,N/A
뷰티,향수,오 드 퍼퓸,https://image.sivillage.com/upload/C00001/goods/org/047/220419002335047.jpg?RS=450&SP=1&QT=20,LA PERVA,[그라프] 레세디 라 로나 VI 오드퍼퓸 100ml,100ml,N/A,N/A,3,1,N/A,,,N/A
뷰티,향수,오 드 퍼퓸,https://image.sivillage.com/upload/C00001/goods/org/210/220414002302210.jpg?RS=450&SP=1&QT=20,LA PERVA,[부쉐론] 꼴렉시옹 아이리스 오드퍼퓸 125ml,125ml,N/A,N/A,5,5,N/A,,,N/A
뷰티,향수,오 드 퍼퓸,https://image.sivillage.com/upload/C00001/goods/org/985/220527002566985.jpg?RS=450&SP=1&QT=20,LA PERVA,[반클리프 앤 아펠] 꼴렉씨옹 프레셔스 오드 오드퍼퓸 75ml,75ml,N/A,N/A,5,2,N/A,,,N/A
뷰티,향수,오 드 퍼퓸,https://image.sivillage.com/upload/C00001/s3/goods/org/590/240731025772590.jpg?RS=450&SP=1&QT=20,LOEWE PERFUMES,솔로 엘라 엘릭시르 오 드 퍼퓸 50ML,50ML,"267,900",5%,N/A,N/A,N/A,,,N/A
뷰티,향수,오 드 퍼퓸,https://image.sivillage.com/upload/C00001/goods/org/194/220511002483194.jpg?RS=450&SP=1&QT=20,EX NIHILO,오우드 방돔 오 드 퍼퓸 100ml,100ml,"408,500",5%,5,1,N/A,,,N/A
뷰티,향수,오 드 퍼퓸,https://image.sivillage.com/upload/C00001/goods/org/977/220527002566977.jpg?RS=450&SP=1&QT=20,LA PERVA,[반클리프 앤 아펠] 꼴렉씨옹 부와 드 다망드 오드퍼퓸 75ml,75ml,N/A,N/A,4.6,5,N/A,,,N/A
뷰티,향수,오 드 퍼퓸,https://image.sivillage.com/upload/C00001/s3/goods/org/580/231204007276580.png?RS=450&SP=1&QT=20,Santa Maria Novella,젤소미노 오드퍼퓸 100ml,100ml,N/A,N/A,4.9,117,N/A,"https://image.sivillage.com/upload/C00001/goods/color/color_010034_221214152054.jpg,https://image.sivillage.com/upload/C00001/goods/color/color_010033_221214152031.jpg","EDP 100ml,EDP 50ml",N/A
뷰티,향수,오 드 퍼퓸,https://image.sivillage.com/upload/C00001/goods/org/243/230907006235243.jpg?RS=450&SP=1&QT=20,EX NIHILO,아틀라스 피버 오 드 퍼퓸 50ml,50ml,"389,500",5%,5,2,N/A,,,N/A
뷰티,향수,오 드 퍼퓸,https://image.sivillage.com/upload/C00001/goods/org/221/220726002860221.jpg?RS=450&SP=1&QT=20,EX NIHILO,프렌치 어페어 오 드 퍼퓸 100ml,100ml,"408,500",5%,5,1,N/A,,,N/A
뷰티,향수,오 드 퍼퓸,https://image.sivillage.com/upload/C00001/goods/org/377/230907006321377.jpg?RS=450&SP=1&QT=20,EX NIHILO,프렌치 어페어 오 드 퍼퓸 50ml,50ml,"285,000",5%,5,3,N/A,,,N/A
뷰티,향수,오 드 퍼퓸,https://image.sivillage.com/upload/C00001/goods/org/283/220715002807283.jpg?RS=450&SP=1&QT=20,EX NIHILO,베네넘 키스 오 드 퍼퓸 100ml,100ml,"408,500",5%,5,2,N/A,,,N/A
